Date,Close,VIX_t,ret_d,R_t,sigma_t,MRI_t,MRI_bw0.125,MRI_bw0.25,MRI_bw0.5,MRI_bw1.0,MRI_bw5.0,Mkt_RF_t,SMB_t,HML_t,RF_t,Month,n_days,month_ret,month_rv,Future_Return,Future_Volatility,next_n_days,CAPE_t,DP_t,rf_m,Future_ExRet,VRP_t
1990-01-31,329.0799865722656,25.360000610351562,0.01888654213401364,-0.08510110278677263,0.16685152151246632,0.05840190145977309,0.8373397081101982,0.7011377867780719,0.49159419604805304,0.2416648535881316,0.0008242661553958169,0.0167,-0.0123,-0.0016,0.0003,1990-01,22,-0.0688172262146175,0.17900743703894917,0.008539042758088256,0.11857651345127834,19.0,17.048843606878272,0.0327675971409242,0.006299999999999999,0.0022390427580882563,0.08674848459104931
1990-02-28,331.8900146484375,21.989999771118164,0.004935519998225724,0.020571962454746906,0.13237630774997572,8.201970776536968e-08,0.36067819583018007,0.13008876094731373,0.016923085724807333,0.00028639083044917777,1.926617691392967e-18,0.0053,0.0014000000000000002,-0.0014000000000000002,0.0003,1990-02,19,0.008539042758088256,0.11857651345127834,0.02425498640414281,0.10981822587966332,22.0,16.50809351649029,0.03398396126494175,0.006299999999999999,0.01795498640414281,0.08752368996120591
1990-03-30,339.94000244140625,19.729999542236328,-0.0024942224895175835,0.021638553880943823,0.11240710863151017,1.6697717614708205e-08,0.3265247228549835,0.10661839463552378,0.011367482074656286,0.00012921964871763196,3.6028217874545545e-20,-0.0018,0.0036,0.0002,0.0003,1990-03,22,0.02425498640414281,0.10981822587966332,-0.026887140621271732,0.11111837549921982,20.0,16.833748233480954,0.03344560657093896,0.006299999999999999,-0.03318714062127173,0.08489288679085312
1990-04-30,330.79998779296875,19.520000457763672,0.005135068872495374,-0.029314300599972754,0.10837876065401959,4.207472750492799e-05,0.5327228582021284,0.283793643651045,0.0805388321767363,0.006486503488392493,1.1482944874054211e-11,0.0045000000000000005,-0.0032,-0.0063,0.0003,1990-04,20,-0.026887140621271732,0.11111837549921982,0.09198919079889523,0.10976477707618405,22.0,16.813913898735766,0.033818380743982496,0.006299999999999999,0.08568919079889523,0.08682124392361713
1990-05-31,361.2300109863281,17.3700008392334,0.0010253994618028006,0.0872235093644187,0.11246812843916068,4.3960246536699026e-16,0.10969611767628337,0.01203323823324901,0.00014479882237812577,2.096669896209201e-08,4.0518214422077554e-39,0.0007000000000000001,0.0004,-0.0016,0.0003,1990-05,22,0.09198919079889523,0.10976477707618405,-0.008886365681221697,0.13030571480132808,21.0,17.392413588645006,0.032985867237687365,0.006299999999999999,-0.015186365681221697,0.06123187995317331
1990-06-29,358.0199890136719,15.5,0.0010904681529368965,-0.008886365681221697,0.1303057148013288,7.5772237529053925e-06,0.47859634982789645,0.22905446606858623,0.05246594842596512,0.002752675744236032,1.5804300548965743e-13,0.0017000000000000001,0.0027,-0.0003,0.0003,1990-06,21,-0.008886365681221697,0.13030571480132808,-0.005223158411739592,0.12785818213826747,21.0,17.81708282165301,0.032353838896750746,0.006299999999999999,-0.011523158411739592,0.0246942851986712
1990-07-31,356.1499938964844,21.110000610351562,0.0016875435919434523,-0.005223158411739148,0.12785818213826822,3.1130121307911557e-06,0.4527138704580258,0.20494984850508619,0.04200444040225777,0.0017643730135068253,1.709826456056384e-14,0.0007000000000000001,-0.0037,0.0022,0.0003,1990-07,21,-0.005223158411739592,0.12785818213826747,-0.09431418479162912,0.24930422053723414,23.0,17.74717158707024,0.03257145237896842,0.006299999999999999,-0.10061418479162912,0.0832418239652474
1990-08-31,322.55999755859375,29.899999618530273,0.012079966762065908,-0.08228067748882395,0.2600589772124132,0.6026684494981753,0.968846341199645,0.9386632328559389,0.8810886647155627,0.7763172350902532,0.28196560849831837,0.0095,-0.0077,-0.0023,0.0003,1990-08,23,-0.09431418479162912,0.24930422053723414,-0.05118430645643224,0.16071576822017825,19.0,16.168334756508973,0.0356260015117158,0.006299999999999999,-0.05748430645643224,0.038941018972889485
1990-09-28,306.04998779296875,29.110000610351562,0.016878713996948846,-0.05595488606011567,0.16894082175861558,0.011427665630810819,0.7561750527400218,0.5718007103863748,0.3269560523983629,0.10690026019992102,1.3960269795080682e-05,0.015,-0.0098,-0.011000000000000001,0.0003,1990-09,19,-0.05118430645643224,0.16071576822017825,-0.0066982123010426164,0.22683185154263766,23.0,15.301285443522625,0.03750673726261057,0.006299999999999999,-0.012998212301042616,0.12215918434490003
1990-10-31,304.0,30.040000915527344,-0.000197321446673282,-0.03556356638103497,0.21274148114653768,0.009142070232982582,0.7457019599943416,0.5560714131394027,0.30921541651085227,0.09561417380797986,7.991188653343005e-06,0.0002,-0.001,0.0039000000000000003,0.0003,1990-10,23,-0.0066982123010426164,0.22683185154263766,0.05993421454178627,0.16918655609687916,21.0,14.8181479655008,0.03883400625162803,0.006299999999999999,0.05363421454178627,0.08765852800873575
1990-11-30,322.2200012207031,22.15999984741211,0.018330028275197474,0.05993421454178649,0.16918655609687974,3.3454649450556523e-11,0.2214514509980314,0.04904074514913351,0.002404994684782262,5.78399943383093e-06,6.473530654403935e-27,0.0161,-0.0066,-0.0040999999999999995,0.0003,1990-11,21,0.05993421454178627,0.16918655609687916,0.0248277573387512,0.10063314933415189,20.0,15.187607599503187,0.03810238193409242,0.006299999999999999,0.0185277573387512,0.052413442377241354
1990-12-31,330.2200012207031,26.3799991607666,0.004563154035135408,0.04361287910797862,0.1145558197973156,2.3724623264535565e-07,0.3854339429304046,0.14855932436287841,0.02206987285515492,0.00048707928784270395,2.7415635156116717e-17,0.0043,0.0076,-0.0058,0.0003,1990-12,20,0.0248277573387512,0.10063314933415189,0.041517749998175146,0.19325760957891872,22.0,15.846314974728763,0.03677566539923954,0.006299999999999999,0.035217749998175146,0.14924417181035043
1991-01-31,343.92999267578125,20.90999984741211,0.008858610721981464,0.053545657267932256,0.19200990038678512,1.2863964856754375e-07,0.37096755511684965,0.1376169269493729,0.01893841858298903,0.00035866369842450427,5.93522397490065e-18,0.0095,0.0068000000000000005,-0.0040999999999999995,0.0002,1991-01,22,0.041517749998175146,0.19325760957891872,0.06728117681278012,0.1754931986989934,19.0,15.606190118802363,0.03719530553934069,0.004200000000000001,0.06308117681278012,0.01709009808733597
1991-02-28,367.07000732421875,21.229999542236328,-0.0018218929894713298,0.09299074358882331,0.17206242164918187,1.245298769782611e-11,0.20818747478814945,0.043342024658666364,0.001878531101512443,3.5288790993495526e-06,5.4724764038479965e-28,0.0002,0.008,0.0089,0.0003,1991-02,19,0.06728117681278012,0.1754931986989934,0.022202832522042026,0.13378185402407555,20.0,17.35466474520511,0.033438138353668635,0.006299999999999999,0.015902832522042026,0.040237573773181406
1991-03-28,375.2200012207031,16.8799991607666,-0.00034635641587454913,0.02034048834765234,0.1307953491545498,4.826529217489613e-05,0.5373127964835412,0.2887050412649634,0.0833506008518042,0.006947322662356782,1.6184055118733693e-11,-0.0008,0.0074,-0.0004,0.0002,1991-03,20,0.022202832522042026,0.13378185402407555,0.0003197993624994844,0.15770043668340405,22.0,17.818620083397377,0.03252927903728377,0.004200000000000001,-0.0038802006375005162,0.038004642453116216
1991-04-30,375.3399963378906,18.239999771118164,0.004496046296944334,0.010880712840676265,0.15701964794778622,0.00038989469682821634,0.6122576327756847,0.37485940889208513,0.14051957643492347,0.0197457513614503,3.0017071546393135e-09,0.0018,-0.011200000000000002,0.0040999999999999995,0.0002,1991-04,22,0.0003197993624994844,0.15770043668340405,0.03860497249360706,0.134986085393602,22.0,18.155345895198018,0.03194795617361989,0.004200000000000001,0.03440497249360706,0.025380349763395427
1991-05-31,389.8299865722656,15.930000305175781,0.007416774810221405,0.025086060146165545,0.131938312839663,1.7634220826330194e-05,0.504541933524895,0.2545625626850396,0.0648020983207747,0.0041993119467753515,1.3058421644544459e-12,0.0069,0.0006,0.0025,0.0002,1991-05,22,0.03860497249360706,0.134986085393602,-0.04789262897479818,0.11870179244974645,20.0,18.035430911004052,0.0321172517791476,0.004200000000000001,-0.05209262897479818,0.027361690212094808
1991-06-28,371.1600036621094,19.549999237060547,-0.008653820211521723,-0.04083106300875283,0.12061408161239104,0.04057320791033263,0.8184929804125516,0.6699307589846216,0.4488072218337112,0.20142792237009405,0.0003315876646996063,-0.006500000000000001,0.008199999999999999,-0.0004,0.0002,1991-06,20,-0.04789262897479818,0.11870179244974645,0.044859342957765946,0.11039541529461408,22.0,18.015227044688327,0.032118216183351395,0.004200000000000001,0.040659342957765944,0.07488591075821444
1991-07-31,387.80999755859375,15.180000305175781,0.002896364297282794,0.026169516774613877,0.0966180894530176,2.8820832549019575e-06,0.45053823944414856,0.20298470520143294,0.041202790545712645,0.001697669948753867,1.410153226318608e-14,0.0039000000000000003,0.0037,-0.0040999999999999995,0.0002,1991-07,22,0.044859342957765946,0.11039541529461408,0.019648784624321625,0.1556375477331514,22.0,18.103452345519745,0.032068221865712856,0.004200000000000001,0.015448784624321624,0.05518191359874021
1991-08-30,395.42999267578125,14.460000038146973,-0.002623170836935307,0.021466205991447662,0.15917685853599003,4.927938028622335e-05,0.538011522971986,0.2894563988506358,0.08378500683557837,0.007019927370437913,1.7047594018395614e-11,-0.0015,0.0044,-0.0017000000000000001,0.0002,1991-08,22,0.019648784624321625,0.1556375477331514,-0.01914373584308615,0.07780914729413867,20.0,18.51225845533772,0.03142449922958398,0.004200000000000001,-0.023343735843086154,-0.014576858154520311
1991-09-30,387.8599853515625,15.850000381469727,0.005079013957185685,-0.02171668939044824,0.07605893294464008,0.0008421276415291861,0.6424452466142111,0.4127358948971945,0.17035091893658794,0.029019435582539957,2.057997328050041e-08,0.0054,0.0012,-0.0007000000000000001,0.0002,1991-09,20,-0.01914373584308615,0.07780914729413867,0.011834236654519659,0.1132112144557587,23.0,18.35728259177432,0.03171487603305785,0.004200000000000001,0.007634236654519658,0.08244107087005717
1991-10-31,392.45001220703125,15.479999542236328,-0.0012977892384374856,0.010791743512126306,0.11781918756354744,7.092831572459218e-05,0.5503972152986935,0.3029370946085564,0.09177088328987343,0.00842189501980357,4.23690881951054e-11,0.0009,0.0073,-0.0042,0.0002,1991-10,23,0.011834236654519659,0.1132112144557587,-0.0439037086263071,0.16093191932057638,20.0,18.349187992001983,0.0316720947063689,0.004200000000000001,-0.048103708626307105,0.03698080785881584
1991-11-29,375.2200012207031,20.260000228881836,-0.0035320319091256547,-0.0451445201041617,0.15688766547368713,0.14136783689128674,0.8849055385000338,0.7830578120680348,0.6131795370407778,0.37598914464554256,0.0075140924127561695,-0.0018,0.0067,-0.0034000000000000002,0.0002,1991-11,20,-0.0439037086263071,0.16093191932057638,0.11158785507428148,0.13776896336795547,21.0,18.28886816930134,0.03168195480928689,0.004200000000000001,0.10738785507428149,0.04571233681513123
1991-12-31,417.0899963378906,19.309999465942383,0.0046971663069013125,0.11158785507428148,0.13776896336795627,1.4336980034634715e-15,0.11810780681743853,0.01394945403122538,0.00019458726776927003,3.786420477790959e-08,7.782949295881562e-38,0.0062,0.005699999999999999,0.001,0.0002,1991-12,21,0.11158785507428148,0.13776896336795547,-0.019923751783923582,0.10127204292190974,22.0,18.441652313512726,0.03140202311394816,0.004200000000000001,-0.024123751783923585,0.05533103129146755
1992-01-31,408.7799987792969,17.399999618530273,-0.006899558747339496,-0.0203230858166622,0.10366499373989477,0.0025511698026437868,0.6885273724703256,0.4740699426408905,0.2247423105155372,0.050509106135862146,3.2873686876509e-07,-0.0052,0.0087,-0.0014000000000000002,0.0002,1992-01,22,-0.019923751783923582,0.10127204292190974,0.00958954312696414,0.11282232934988184,19.0,19.773068211462643,0.029417419726975584,0.004200000000000001,0.005389543126964139,0.07033500244540797
1992-02-28,412.70001220703125,16.68000030517578,-0.0028028154100133706,0.005751366891365128,0.11055092574787172,0.00010721234270413691,0.5647942922327515,0.3189925925386946,0.10175627409455765,0.010354339317606744,1.190178127582694e-10,-0.0027,0.0015,0.003,0.0001,1992-02,19,0.00958954312696414,0.11282232934988184,-0.02183186212532806,0.07332764766934484,22.0,19.58298297038674,0.029765367461702538,0.0021000000000000003,-0.023931862125328062,0.056249077303886105
1992-03-31,403.69000244140625,16.18000030517578,0.0017121648670130885,-0.021238961101613163,0.07512533142249964,0.0005630478437928614,0.6264826979141285,0.39248057078576515,0.15404099844432,0.023728629201723,7.522518235097033e-09,0.0012,0.0029,0.0009,0.0002,1992-03,22,-0.02183186212532806,0.07332764766934484,0.027892713957560655,0.14290500325075417,21.0,19.283561861298555,0.030243519245875882,0.004200000000000001,0.023692713957560653,0.08667467162925818
1992-04-30,414.95001220703125,15.529999732971191,0.007111361757893064,0.027892713957560433,0.14290500325075495,6.14265007737165e-06,0.47235904511801835,0.2231230675048061,0.04978390325275426,0.002478437023079596,9.351675745355916e-14,0.0088,0.0062,-0.006999999999999999,0.0002,1992-04,21,0.027892713957560655,0.14290500325075417,0.0009639568254424802,0.09565985363279497,20.0,19.301229507881043,0.03023980756486095,0.004200000000000001,-0.0032360431745575204,0.012394994078956972
1992-05-29,415.3500061035156,13.859999656677246,-0.0033353749662412557,0.008082173629040179,0.0963795364882645,2.917204126182508e-05,0.5206674475891219,0.27109459097897104,0.0734922772580556,0.005401114816574916,4.596391871274957e-12,0.0001,0.006,0.0006,0.0001,1992-05,20,0.0009639568254424802,0.09565985363279497,-0.017358833150663888,0.0942105704606715,22.0,19.66227979564169,0.02970034473614426,0.0021000000000000003,-0.01945883315066389,0.042220460078507965
1992-06-30,408.1400146484375,13.350000381469727,-0.0019562473423797577,-0.021950571321549428,0.09446658295508426,0.001486891872288434,0.6656829931016631,0.44313384730478883,0.1963676066271439,0.03856023693247273,8.525080110322344e-08,0.0014000000000000002,0.0084,0.0003,0.0001,1992-06,22,-0.017358833150663888,0.0942105704606715,0.039373686063306046,0.09971059952137803,22.0,19.315365967644595,0.030176108947510227,0.0021000000000000003,0.03727368606330605,0.039033420859613005
1992-07-31,424.2099914550781,13.170000076293945,0.0006840394842391184,0.02744135448138607,0.09571704137014178,6.849666202021456e-07,0.41184077075121395,0.16961282045295398,0.028768508862006,0.0008276271021433177,3.8830548027059336e-16,0.0016,0.0037,-0.0019,0.0001,1992-07,22,0.039373686063306046,0.09971059952137803,-0.02399753160189111,0.06559787831509833,21.0,19.620740694824406,0.029739308517046138,0.0021000000000000003,-0.02609753160189111,0.035982959392797664
1992-08-31,414.0299987792969,13.579999923706055,-0.0019525541552025683,-0.02399753160189122,0.06559787831510003,0.0003008337062747094,0.6024144850030582,0.3629032117414998,0.13169874109229585,0.017344558405295574,1.5696984723968117e-09,-0.0013,0.0003,0.0024,0.0001,1992-08,21,-0.02399753160189111,0.06559787831509833,0.009105593857418715,0.10457573279913883,21.0,19.72213749835153,0.02959036202234824,0.0021000000000000003,0.007005593857418714,0.07020212092196051
1992-09-30,417.79998779296875,14.279999732971191,0.0023992323159489626,0.009105593857418715,0.10457573279913988,2.5600847864783535e-05,0.5164352723846564,0.26670539056301423,0.07113176535536997,0.005059728042571412,3.3161630198362548e-12,0.0038,0.0048,0.0012,0.0001,1992-09,21,0.009105593857418715,0.10457573279913883,0.002106282691536565,0.10642416893414974,22.0,19.708766424745303,0.029631045689160772,0.0021000000000000003,6.2826915365648064e-06,0.038224264530572025
1992-10-30,418.67999267578125,16.149999618530273,-0.005179852567737453,0.005741151797548971,0.10820645239427827,4.95498674466165e-05,0.5381956163349048,0.289654521442108,0.08389974179185661,0.007039166672740211,1.7282487146174988e-11,-0.0032,0.0078000000000000005,-0.0006,0.0001,1992-10,22,0.002106282691536565,0.10642416893414974,0.030261807703684473,0.07835492493039749,20.0,19.370271076906977,0.030028363636363634,0.0021000000000000003,0.028161807703684472,0.05329354379102445
1992-11-30,431.3500061035156,13.010000228881836,0.002766418149700911,0.024925203433608267,0.0798028592366536,2.8432729903464047e-07,0.38981958963711144,0.15195931246484598,0.023091632644788692,0.0005332234982018708,4.3106860960921666e-17,0.0034000000000000002,0.0018,0.0053,0.0001,1992-11,20,0.030261807703684473,0.07835492493039749,0.010107766987063505,0.0748388867513458,22.0,19.833656038801234,0.029286018352095357,0.0021000000000000003,0.008007766987063503,0.05029714305216475
1992-12-31,435.7099914550781,12.569999694824219,-0.0070872244137283325,0.011444339778428514,0.0764110136392705,2.7319365230457767e-06,0.4490341928961033,0.2016317063898549,0.04065534502168465,0.0016528570788322192,1.2336061066445499e-14,-0.0018,0.0146,0.0002,0.0001,1992-12,22,0.010107766987063505,0.0748388867513458,0.007045987892006833,0.0677683169417108,20.0,20.448606721242967,0.02844091451657332,0.0021000000000000003,0.004945987892006833,0.04928898330897169
1993-01-29,438.7799987792969,12.420000076293945,0.0002735492549712504,-9.117301912875408e-05,0.07091129535472152,1.2387471468866708e-05,0.4935275676863478,0.24356946006640265,0.059326081877038916,0.003519583990881125,5.400782254895607e-13,0.0011,0.0025,0.001,0.0001,1993-01,20,0.007045987892006833,0.0677683169417108,0.010483627595407885,0.12638814107168497,19.0,20.323410802995713,0.02852124164235002,0.0021000000000000003,0.008383627595407884,0.05328870540821794
1993-02-26,443.3800048828125,13.15999984741211,0.002351151949929964,0.01202898748591874,0.1199309053672343,2.0463470796981153e-05,0.5092560603767285,0.2593417350304262,0.06725813552859178,0.00452365679478242,1.8942977356213428e-12,0.0029,0.0055000000000000005,-0.0040999999999999995,0.0001,1993-02,19,0.010483627595407885,0.12638814107168497,0.018697299051888328,0.10643512519252202,23.0,20.545336792900454,0.028179080824088747,0.0021000000000000003,0.016597299051888326,0.011669093106886796
1993-03-31,451.6700134277344,12.529999732971191,-0.0006637338587927033,0.008417101099852387,0.1012697002141281,1.445846223318811e-05,0.49831921251295686,0.24832203755953344,0.06166383433771833,0.0038024284652295706,7.948867582513108e-13,0.0015,0.0058,-0.0031,0.0001,1993-03,23,0.018697299051888328,0.10643512519252202,-0.02541681016015651,0.11080611049179138,21.0,20.855200148690916,0.027723476097387595,0.0021000000000000003,-0.027516810160156512,0.024030297115583826
1993-04-30,440.19000244140625,12.420000076293945,0.00296198990539831,-0.025416810160156622,0.1108061104917924,0.003059723449151584,0.6963941848324169,0.48496486066840644,0.23519091608312684,0.05531476700802041,5.178517368308282e-07,0.0038,0.0034000000000000002,-0.0005,0.0001,1993-04,21,-0.02541681016015651,0.11080611049179138,0.022717462787745113,0.10243619195875911,20.0,20.457362016642186,0.028196488218831813,0.0021000000000000003,0.020617462787745112,0.013393890271147055
1993-05-28,450.19000244140625,13.470000267028809,-0.004907055995077347,0.0257467415885968,0.10004096899332447,3.7916747516404416e-07,0.3968962013031367,0.15752659460886,0.024814628009064123,0.0006157657632282296,8.85273963747561e-17,-0.004,0.0014000000000000002,0.0006,0.0001,1993-05,20,0.022717462787745113,0.10243619195875911,0.0007552285391647651,0.08297971367981531,22.0,20.517605633764873,0.028089163391353172,0.0021000000000000003,-0.0013447714608352352,0.034659033676963616
1993-06-30,450.5299987792969,11.260000228881836,-0.000355019328679651,-0.007271418572168953,0.07985644981041996,4.3640644884317654e-05,0.533940910182394,0.2850928955664033,0.08127795910243615,0.006606106635857285,1.2581368970999573e-11,0.0013,0.0038,0.0025,0.0001,1993-06,22,0.0007552285391647651,0.08297971367981531,-0.00532704570835929,0.08752813117138876,21.0,20.608357012960198,0.02794268624737758,0.0021000000000000003,-0.007427045708359291,0.0327435524783984
1993-07-30,448.1300048828125,11.729999542236328,-0.004686357048080403,-0.00532704570835929,0.08752813117139004,4.804116963604669e-05,0.5371565159373559,0.2885371226139589,0.08325367112634277,0.00693117375601324,1.5996830056258274e-11,-0.0038,0.0034000000000000002,0.0045000000000000005,0.0001,1993-07,21,-0.00532704570835929,0.08752813117138876,0.03443195614588701,0.052426450666137436,22.0,20.564596413297142,0.027990788973596546,0.0021000000000000003,0.03233195614588701,0.02977186425097325
1993-08-31,463.55999755859375,11.850000381469727,0.003593859458853821,0.02979007851590265,0.05263186179626464,4.602671541880271e-09,0.3012576777323165,0.09075618839266826,0.008236685731565494,6.78429918405746e-05,1.4372256491758837e-21,0.0044,0.0019,0.001,0.0001,1993-08,22,0.03443195614588701,0.052426450666137436,-0.009987930164805037,0.07663442136597597,21.0,20.812227546627383,0.02756919824719794,0.0021000000000000003,-0.012087930164805038,0.06586814201843262
1993-09-30,458.92999267578125,12.989999771118164,-0.0025645882796472286,-0.009987930164805148,0.07663442136597744,4.327839190965459e-05,0.5336628174373784,0.2847960027152007,0.08110876316255662,0.006578631461759702,1.2321903078951025e-11,-0.001,0.0086,0.003,0.0001,1993-09,21,-0.009987930164805037,0.07663442136597597,0.019392922751884756,0.06108649859974788,21.0,20.99350100522913,0.02726243358592457,0.0021000000000000003,0.017292922751884755,0.053265576345204194
1993-10-29,467.8299865722656,11.460000038146973,0.0002137463570632825,0.019392922751884534,0.061086498599749704,6.643144588426962e-08,0.35595767100408027,0.12670586354664906,0.016054375857102048,0.0002577429841611011,1.1374551004780447e-18,0.0025,0.0070999999999999995,-0.0004,0.0001,1993-10,21,0.019392922751884756,0.06108649859974788,-0.012910626083629584,0.08464740941626278,21.0,21.109178247475118,0.027031687863763743,0.0021000000000000003,-0.015010626083629585,0.05351350178172002
1993-11-30,461.7900085449219,13.760000228881836,-0.00023811507472581983,-0.01291062608362914,0.08464740941626413,9.768123428406764e-05,0.5615173711349396,0.31530175808629346,0.09941519865230751,0.009883381723077766,9.430350761733288e-11,-0.0008,0.0037,-0.0024,0.0001,1993-11,21,-0.012910626083629584,0.08464740941626278,0.010091174724184304,0.05638905713233908,22.0,21.03790118960638,0.027133876298904708,0.0021000000000000003,0.007991174724184303,0.05295259287255423
1993-12-31,466.45001220703125,11.65999984741211,-0.0046731016834939965,0.009872474861931213,0.05777467916279291,2.8783186945806256e-07,0.3901181714184362,0.15219218767086437,0.023162461988043597,0.0005364996453475646,4.444748541116941e-17,-0.0009,0.0134,-0.002,0.0001,1993-12,22,0.010091174724184304,0.05638905713233908,0.03250074551997817,0.06865888830322404,21.0,21.164732079814648,0.026998605000536538,0.0021000000000000003,0.030400745519978168,0.05882531931132819
1994-01-31,481.6099853515625,10.630000114440918,0.0060789076046079416,0.032500745519977725,0.06865888830322568,3.929056318474965e-09,0.29829296834941765,0.08897869496670668,0.007917208157978233,6.268218501675708e-05,9.67655200309183e-22,0.005600000000000001,0.0,0.0027,0.0001,1994-01,21,0.03250074551997817,0.06865888830322404,-0.03004499728667842,0.11707048607594281,19.0,21.41197491382654,0.02668830207826804,0.0021000000000000003,-0.03214499728667842,0.0376411128411835
1994-02-28,467.1400146484375,14.869999885559082,0.0022958081562935995,-0.02077344806228565,0.11531143565616872,0.0013787545492379807,0.6625488963781264,0.4389710400918734,0.1926955740393411,0.03713158425435118,7.058580890521757e-08,0.0037,0.0070999999999999995,-0.0019,0.0001,1994-02,19,-0.03004499728667842,0.11707048607594281,-0.04574651060635093,0.09564254118059481,23.0,21.263840187313026,0.026860129776496038,0.0021000000000000003,-0.04784651060635093,0.0333885631994221
1994-03-31,445.7699890136719,20.450000762939453,0.0004937744960848978,-0.04096299271730208,0.09891174070596329,0.005449670847346063,0.721976633494119,0.5212502593115014,0.2717018328323074,0.07382188596443512,2.192429720357052e-06,-0.0013,-0.0064,-0.0044,0.0001,1994-03,23,-0.04574651060635093,0.09564254118059481,0.011530643100964078,0.13828443439148425,19.0,20.83337588946041,0.027403462624781702,0.0021000000000000003,0.009430643100964076,0.10558826692343123
1994-04-29,450.9100036621094,13.770000457763672,0.004030277296804385,-0.003469782722106074,0.1423465725468417,0.0002976530653386214,0.6020144248009901,0.362421367668467,0.13134924774268214,0.017252624882568488,1.5285367986520455e-09,0.004699999999999999,-0.0016,0.003,0.0001,1994-04,19,0.011530643100964078,0.13828443439148425,0.012397144202814792,0.09675034585118455,21.0,20.055250085063847,0.028516199718265765,0.0021000000000000003,0.01029714420281479,-0.004646567969204957
1994-05-31,456.5,13.029999732971191,-0.0018148527248048607,0.012397144202814125,0.09675034585118569,1.6185230067573013e-06,0.4345801943641114,0.18885994533354883,0.035668078951391055,0.0012722118560826658,3.3327074539053282e-15,-0.0016,0.001,-0.0003,0.0001,1994-05,21,0.012397144202814792,0.09675034585118455,-0.026790823628320304,0.09579367506126149,22.0,20.196492421281448,0.02838035041029053,0.0021000000000000003,-0.028890823628320305,0.03354965147852623
1994-06-30,444.2699890136719,14.970000267028809,-0.007506234685988655,-0.029193924625990797,0.09723870289509061,0.0013098679695412408,0.6604298894525308,0.436167638882282,0.19024220920814472,0.03619209816439551,6.209674072739218e-08,-0.0051,0.0087,0.0032,0.0001,1994-06,22,-0.026790823628320304,0.09579367506126149,0.03148990725890011,0.060842104500807126,20.0,20.29076369067031,0.028230327814787945,0.0021000000000000003,0.029389907258900106,0.052461299775197465
1994-07-29,458.260009765625,11.130000114440918,0.008849990352403303,0.02374730193878616,0.06710200382013155,1.5501686175207056e-08,0.32501146687255206,0.105632453598648,0.01115821525327052,0.0001245057676383189,2.991901912379362e-20,0.0095,0.0004,-0.004,0.0001,1994-07,20,0.03148990725890011,0.060842104500807126,0.03759869964992646,0.0756020368610227,23.0,20.06795181614215,0.02851129818342933,0.0021000000000000003,0.03549869964992646,0.04419799732427762
1994-08-31,475.489990234375,11.970000267028809,-0.0012183441109927529,0.032417041764209786,0.07719076898271311,3.445130476372093e-09,0.29585257573089085,0.08752874656660249,0.007661281475520528,5.869523384715401e-05,6.966492696487744e-22,-0.0009,0.0048,0.0034000000000000002,0.0002,1994-08,23,0.03759869964992646,0.0756020368610227,-0.02687753484147437,0.0984084272779328,21.0,20.53554940475564,0.027787351369981044,0.004200000000000001,-0.031077534841474373,0.04250923368757498
1994-09-30,462.7099914550781,14.279999732971191,0.0010167904781774872,-0.026877534841474704,0.09840842727793393,0.0009361686918563383,0.6467100828223646,0.4182339312241097,0.1749196212271733,0.03059687389025778,2.6815461920599926e-08,0.0021,0.0064,-0.0024,0.0002,1994-09,21,-0.02687753484147437,0.0984084272779328,0.020833815622011143,0.11968117584747885,21.0,20.576450100818867,0.027668322768545486,0.004200000000000001,0.01663381562201114,0.044391570051777976
1994-10-31,472.3500061035156,14.5600004196167,-0.0029971989427031165,0.020833815622011143,0.11968117584747977,5.693283787808875e-07,0.4071085064915088,0.16573733605774688,0.02746886456351852,0.0007545385204089235,2.4457219458209166e-16,-0.0019,0.0031,0.0005,0.0002,1994-10,21,0.020833815622011143,0.11968117584747885,-0.039504611878886986,0.09787032866778288,21.0,20.395759282410253,0.028057394191587072,0.004200000000000001,-0.04370461187888699,0.025918828348687237
1994-11-30,453.69000244140625,15.949999809265137,-0.0032515564353254867,-0.03950461187888721,0.097870328667784,0.0034168097286554253,0.7012151646578936,0.49170270714619685,0.2417715522148986,0.05845348346040145,6.824203787587339e-07,-0.0021,0.0053,0.0043,0.0002,1994-11,21,-0.039504611878886986,0.09787032866778288,0.01229911733174327,0.09376478684185097,21.0,20.20947302039405,0.028408711307780745,0.004200000000000001,0.00809911733174327,0.06162966942486736
1994-12-30,459.2699890136719,13.199999809265137,-0.004120008584123203,0.012299117331743048,0.09376478684185215,7.703092143800763e-07,0.41487433406081053,0.172120713062401,0.029625539865109386,0.0008776726122991854,5.207901147983562e-16,-0.0014000000000000002,0.0152,0.0029,0.0002,1994-12,21,0.01229911733174327,0.09376478684185097,0.024277711761677034,0.057417069633548305,21.0,19.911484108090328,0.028932973044223292,0.004200000000000001,0.020077711761677032,0.03823521125079922
1995-01-31,470.4200134277344,11.960000038146973,0.004076761696222508,0.024277711761677034,0.05741706963355022,3.224041948043648e-09,0.29462869540155256,0.08680606815402084,0.007535293468360512,5.678064765431659e-05,5.902034032984e-22,0.0039000000000000003,-0.0016,-0.0009,0.0002,1995-01,21,0.024277711761677034,0.057417069633548305,0.03607414807259213,0.07468093536612354,19.0,20.219119422457307,0.02832885545405696,0.004200000000000001,0.031874148072592125,0.06218293074791951
1995-02-28,487.3900146484375,11.75,0.00739963437694402,0.03614022294394492,0.07421002489361926,5.283509473934125e-10,0.26313744631738817,0.06924131565443632,0.004794359793557289,2.2985885830078694e-05,6.4166186058615145e-24,0.008199999999999999,0.0011,-0.002,0.0002,1995-02,19,0.03607414807259213,0.07468093536612354,0.027329195113380722,0.07196504961641836,23.0,20.802571764332683,0.027348937583001328,0.004200000000000001,0.02312919511338072,0.04328997510638073
1995-03-31,500.7099914550781,13.369999885559082,-0.0030066699095112615,0.03211507516635481,0.07293011202841704,1.2197891162223058e-09,0.2772635612413307,0.07687508239222515,0.005909778292811405,3.4925479470184884e-05,5.196511406702976e-23,-0.0027,0.0059,0.002,0.0002,1995-03,23,0.027329195113380722,0.07196504961641836,0.02796035780491124,0.055057581350602874,19.0,21.152737302036996,0.026705870424820036,0.004200000000000001,0.023760357804911238,0.06076988682717377
1995-04-28,514.7100219726562,11.75,0.0022588534850771502,0.023036307377863663,0.05546652331174871,2.78786748411966e-09,0.29196413641635843,0.08524305695334995,0.007266378758752065,5.2800260265643194e-05,4.103744525937785e-22,0.0016,0.0007000000000000001,-0.0028000000000000004,0.0002,1995-04,19,0.02796035780491124,0.055057581350602874,0.03631171269946454,0.10688148208179002,22.0,21.642739261879658,0.026074107617491286,0.004200000000000001,0.032111712699464535,0.062033476688251286
1995-05-31,533.4000244140625,12.850000381469727,0.018755504418981106,0.03721855537077556,0.10913803288651812,2.667561682959848e-09,0.2911602974669872,0.08477431882106447,0.007186685131575485,5.164844318040814e-05,3.675243992685327e-22,0.0146,-0.0115,-0.0046,0.0002,1995-05,22,0.03631171269946454,0.10688148208179002,0.0212785434316487,0.09006267651471735,22.0,22.19542669801996,0.025403676905748268,0.004200000000000001,0.017078543431648698,0.019361970928179137
1995-06-30,544.75,11.380000114440918,0.0016180427137240105,0.021106318715892414,0.09224051892339728,5.6290216284131034e-08,0.35229141285821536,0.12410923957363752,0.015403103347546555,0.0002372555927351999,7.517653306759605e-19,0.0028000000000000004,0.0086,-0.0024,0.0002,1995-06,22,0.0212785434316487,0.09006267651471735,0.031776039575206694,0.09793036122409679,20.0,22.718356759520614,0.02477055715212756,0.004200000000000001,0.02757603957520669,0.021559482221011894
1995-07-31,562.0599975585938,13.489999771118164,-0.0015454765752525024,0.033445497278236314,0.09545078459017291,2.658963866246625e-09,0.2911015562554082,0.08474011605432058,0.00718088726889972,5.156514196864608e-05,3.645701348689381e-22,-0.0011,0.0029,0.0005,0.0002,1995-07,20,0.031776039575206694,0.09793036122409679,-0.0003202374774282646,0.048661823843652655,23.0,23.376412691512137,0.024113246138112922,0.004200000000000001,-0.004520237477428265,0.03944921312100873
1995-08-31,561.8800048828125,11.520000457763672,0.001711513231665407,0.005511841727142031,0.048208769737091976,5.114169427448721e-08,0.3501857298284809,0.1226300453755058,0.01503812802879861,0.0002261452946105384,5.914768879933173e-19,0.0032,0.0040999999999999995,-0.0024,0.0002,1995-08,23,-0.0003202374774282646,0.048661823843652655,0.04009747288732535,0.06343777256680906,20.0,23.284070256230542,0.024163402550482015,0.004200000000000001,0.035897472887325345,0.06699123484054476
1995-09-29,584.4099731445312,12.739999771118164,-0.002492057939175063,0.04187761347439367,0.061838240230776324,1.6306064761118837e-11,0.21172484455035398,0.044827409799871556,0.0020094966693656206,4.038076864191522e-06,1.0736751636457557e-27,-0.0011,0.008,0.0026,0.0002,1995-09,20,0.04009747288732535,0.06343777256680906,-0.004979335189770562,0.0763791695745762,22.0,23.946007075299867,0.023463552015481108,0.004200000000000001,-0.009179335189770562,0.0655617574804053
1995-10-31,581.5,13.829999923706055,-0.0030004286326618113,-0.0003781384759047324,0.07662511243747942,1.5448099243598838e-06,0.4333159652947219,0.1877627257792966,0.03525484119207133,0.0012429038274781696,2.966112554352156e-15,-0.0028000000000000004,0.0038,-0.0019,0.0002,1995-10,22,-0.004979335189770562,0.0763791695745762,0.041049002781061494,0.07679503382652439,21.0,23.92676276408328,0.023416592328278325,0.004200000000000001,0.03684900278106149,0.06167488679958112
1995-11-30,605.3699951171875,11.579999923706055,-0.0037357966501981865,0.04104900278106194,0.07679503382652574,4.980531266684636e-11,0.22702816005347645,0.05154178545726692,0.0026565556481229313,7.057287911573848e-06,1.7506090816150997e-26,-0.0005,0.0063,0.0006,0.0002,1995-11,21,0.041049002781061494,0.07679503382652439,0.017443873405964982,0.10332018391570962,20.0,24.347586881114815,0.023038302016691017,0.004200000000000001,0.013243873405964982,0.03900496541053482
1995-12-29,615.9299926757812,12.520000457763672,0.002947302763278925,0.013642909991930185,0.10196839622923828,3.6780117504399613e-07,0.39614193583339874,0.1569284333258326,0.024626533186100284,0.0006064661367660985,8.204134675606623e-17,0.004,0.0034000000000000002,-0.0032,0.0002,1995-12,20,0.017443873405964982,0.10332018391570962,0.032617386869231435,0.12658120730706518,22.0,25.027380664939113,0.022438452902029057,0.004200000000000001,0.028417386869231433,0.023231608348398436
1996-01-31,636.02001953125,12.529999732971191,0.009315234293048924,0.024632351495176064,0.1276698612204449,9.08490246099823e-08,0.3629902975263989,0.13176195609830357,0.01736121307485128,0.00030141171943038697,2.487715272006438e-18,0.0083,-0.0039000000000000003,0.0006,0.0002,1996-01,22,0.032617386869231435,0.12658120730706518,0.006933701784703761,0.12953930611355732,20.0,24.76246519464403,0.02261205689918948,0.004200000000000001,0.00273370178470376,-0.002369863890732987
1996-02-29,640.4299926757812,17.040000915527344,-0.006700282782813094,0.016313525134395546,0.13000033423209112,8.648171684460817e-07,0.41788594924037037,0.1746286665725254,0.03049517118889825,0.0009299554658402098,6.955218159132546e-16,-0.006,0.0060999999999999995,-0.0001,0.0002,1996-02,20,0.006933701784703761,0.12953930611355732,0.007916567590839474,0.14798510545728985,21.0,25.976065550593386,0.021548634418203653,0.004200000000000001,0.0037165675908394733,0.040399674923182305
1996-03-29,645.5,18.8799991607666,-0.005300956064450468,0.007916567590839696,0.1479851054572906,1.1869320723556448e-05,0.49221134162150104,0.24227200482083802,0.05869572431990815,0.0034451880534386576,4.853607610552109e-13,-0.0021,0.011399999999999999,-0.0008,0.0002,1996-03,21,0.007916567590839474,0.14798510545728985,0.013431422014184458,0.11070825095394286,21.0,25.629930395216107,0.02179053270898048,0.004200000000000001,0.009231422014184457,0.04081488615037543
1996-04-30,654.1699829101562,15.829999923706055,1.530170911689943e-05,0.01343142201418468,0.11070825095394382,5.228700494229923e-07,0.4049483282021009,0.16398314851367643,0.026890472996458456,0.0007230975379732614,1.9768986925370937e-16,0.0003,0.0012,0.0009,0.0002,1996-04,21,0.013431422014184458,0.11070825095394286,0.02285340599170338,0.11493897468430576,22.0,25.424203848381527,0.021874777879073506,0.004200000000000001,0.018653405991703377,0.047591748283116714
1996-05-31,669.1199951171875,16.06999969482422,-0.0038410258194971902,0.022212682403575545,0.1177672377885752,8.242974281163086e-08,0.360790627078732,0.13016987658786466,0.01694419677089992,0.0002871058042109753,1.9507870414022436e-18,-0.0018,0.0084,-0.0034999999999999996,0.0002,1996-05,22,0.02285340599170338,0.11493897468430576,0.002256709972268567,0.07233496654702362,20.0,25.81404382769902,0.021495243712475236,0.004200000000000001,-0.0019432900277314338,0.04293275915966699
1996-06-28,670.6300048828125,13.680000305175781,0.003111236448766208,-0.0015929839284994918,0.0718279239392573,7.879210313694204e-07,0.41546091027128884,0.1726077679634479,0.029793441561323474,0.0008876491600679968,5.510699535974403e-16,0.0073,0.011200000000000002,-0.0018,0.0002,1996-06,20,0.002256709972268567,0.07233496654702362,-0.04574801671920725,0.16469867467759988,22.0,25.966673558333845,0.021346297681376216,0.004200000000000001,-0.049948016719207254,0.06497207911250052
1996-07-31,639.9500122070312,19.459999084472656,0.007382807620987419,-0.053160313097309286,0.16488606687799265,0.15968127337005864,0.8916683965676251,0.7950725294374794,0.6321403270661117,0.3996013931032506,0.01018907990390595,0.0072,0.0014000000000000002,-0.0042,0.0002,1996-07,22,-0.04574801671920725,0.16469867467759988,0.018813935147560468,0.11514000911566853,22.0,24.85841133234839,0.022357818249569145,0.004200000000000001,0.014613935147560467,0.02971392396673392
1996-08-30,651.989990234375,17.010000228881836,-0.008229440186756087,0.0030306308174101737,0.10490031517151603,3.2261523913788405e-06,0.4537250998351343,0.20586646622040258,0.042381001914076157,0.001796149323240927,1.869442858244869e-14,-0.0063,0.0074,-0.0004,0.0002,1996-08,22,0.018813935147560468,0.11514000911566853,0.054203327328330664,0.08505217392245955,20.0,25.41252912145496,0.021926118186756806,0.004200000000000001,0.05000332732833066,0.06519968711730233
1996-09-30,687.3300170898438,16.950000762939453,0.0016613687817972345,0.04552782410140255,0.09107239715946248,1.5369569989874865e-11,0.21094360185936906,0.04449720316540401,0.0019800010895432408,3.920404314592421e-06,9.260923408423314e-28,0.002,0.0002,0.0009,0.0002,1996-09,20,0.054203327328330664,0.08505217392245955,0.026101002422918018,0.08124125484215594,23.0,25.68011551287676,0.021722380275011853,0.004200000000000001,0.021901002422918016,0.07842761046993206
1996-10-31,705.27001953125,18.110000610351562,0.0062348337351545435,0.016224563921531487,0.08212833626900073,2.795352519382985e-08,0.3372114297009933,0.11371154832098795,0.012930316221556378,0.00016719307758944404,1.3064459906278273e-19,0.0062,0.0011,-0.0036,0.0002,1996-10,23,0.026101002422918018,0.08124125484215594,0.07337615178140577,0.07730362646011346,20.0,26.483467720897202,0.02101331508567844,0.004200000000000001,0.06917615178140578,0.09897166983451489
1996-11-29,757.02001953125,17.139999389648438,0.0026755225579471187,0.08006847362304281,0.07591474284844237,1.783326832436157e-17,0.08978461692067892,0.008061277435593064,6.49841938936019e-05,4.222945456001246e-09,1.343004167520155e-42,0.0027,0.0024,-0.0015,0.0002,1996-11,20,0.07337615178140577,0.07730362646011346,-0.021505414489507824,0.145851970099428,21.0,27.58561204901281,0.020144901926135363,0.004200000000000001,-0.025705414489507826,0.09548525104804202
1996-12-31,740.739990234375,20.920000076293945,-0.01739070873003956,-0.021505414489508046,0.14585197009942868,0.002110933033547988,0.6804240467018783,0.46297688333015985,0.21434759449810845,0.04594489126712553,2.0473219389489213e-07,-0.0102,0.021,-0.0036,0.0002,1996-12,21,-0.021505414489507824,0.145851970099428,0.061317039054128664,0.11977060287159019,22.0,27.723946163893963,0.02004709048099563,0.004200000000000001,0.05711703905412866,0.06334803066351077
1997-01-31,786.1599731445312,19.469999313354492,0.002537702638131911,0.06668832543337677,0.11943643593989275,4.956536144689119e-14,0.14738342418583827,0.02172187372474274,0.0004718397981136691,2.22632795083948e-07,5.469475658277753e-34,0.0031,-0.0005,-0.0023,0.0002,1997-01,22,0.061317039054128664,0.11977060287159019,0.0059275902346540565,0.14349342127318193,19.0,28.33287012995037,0.019515674349403565,0.004200000000000001,0.001727590234654056,0.07526355719365216
1997-02-28,790.8200073242188,21.100000381469727,-0.005345441232657233,0.023715219837176393,0.145475947405312,1.4904397830598175e-07,0.374396820700524,0.1401729793506603,0.019648464140040643,0.00038606214306246314,8.576025935807788e-18,-0.0049,0.0007000000000000001,-0.0001,0.0002,1997-02,19,0.0059275902346540565,0.14349342127318193,-0.04261401064074877,0.15920305465270695,20.0,29.265634883575956,0.018796202357243955,0.004200000000000001,-0.04681401064074877,0.06552405640938527
1997-03-31,757.1199951171875,22.139999389648438,-0.021657116943036847,-0.04773166118383809,0.155571945707135,0.07106316906806488,0.8476718980226852,0.7185476466973815,0.516310720574345,0.2665767601799993,0.0013462057073791122,-0.0226,0.006999999999999999,0.009000000000000001,0.0002,1997-03,20,-0.04261401064074877,0.15920305465270695,0.05840557906734123,0.1849579085194254,22.0,28.802458591871666,0.01901131084629368,0.004200000000000001,0.05420557906734123,0.06582804818934937
1997-04-30,801.3400268554688,20.059999465942383,0.009180831401764067,0.05489443868531607,0.18950934872150962,4.1671990552503543e-11,0.22451236533189084,0.05040580218692042,0.002540744894106952,6.455384616930546e-06,1.1210129120479839e-26,0.009300000000000001,-0.0044,-0.0043,0.0002,1997-04,22,0.05840557906734123,0.1849579085194254,0.05857688480332546,0.15270316924074417,21.0,27.58516033813655,0.01975743850876389,0.004200000000000001,0.054376884803325455,0.0110906459379142
1997-05-30,848.280029296875,19.190000534057617,0.004975846035914611,0.05857688480332501,0.15270316924074478,7.434529080743714e-12,0.20158273884447972,0.04063560060004171,0.0016512520361261105,2.7266332868106255e-06,1.5070708212010673e-28,0.0055000000000000005,-0.0034999999999999996,0.006,0.0002,1997-05,21,0.05857688480332546,0.15270316924074417,0.04345261479527607,0.15406880008249402,21.0,29.928362224688787,0.0181573419438476,0.004200000000000001,0.039252614795276065,0.03919683609983138
1997-06-30,885.1400146484375,21.530000686645508,-0.0024343211701195466,0.043452614795275846,0.15406880008249463,1.082925922371463e-09,0.27520886665863176,0.07573992028752856,0.00573653552516118,3.290783983143626e-05,3.8591963399199066e-23,-0.001,0.0167,-0.0063,0.0002,1997-06,21,0.04345261479527607,0.15406880008249402,0.078145809437425,0.14476102955611123,22.0,31.256560616381275,0.017300208834974722,0.004200000000000001,0.073945809437425,0.06123120678396046
1997-07-31,954.3099975585938,21.479999542236328,0.002121223133561001,0.0710188951899342,0.1478828082108837,7.629163114418617e-14,0.15141008605003048,0.022925014157677632,0.0005255562741297198,2.7620939727711323e-07,1.6076527618390386e-33,0.0018,0.0009,0.002,0.0002,1997-07,22,0.078145809437425,0.14476102955611123,-0.057465631708528364,0.17042605429460023,21.0,32.766637689669935,0.016445330653092543,0.004200000000000001,-0.061665631708528366,0.06691718721147957
1997-08-29,899.469970703125,24.760000228881836,-0.004647727916673339,-0.057465631708528364,0.1704260542946009,0.24094122270628227,0.9148911875154164,0.8370258849933689,0.7006123321489325,0.49085763995916604,0.028495597963536148,-0.0021,0.005699999999999999,-0.0014000000000000002,0.0002,1997-08,21,-0.057465631708528364,0.17042605429460023,0.053153590615567126,0.17720658385646884,21.0,32.58628348671318,0.016471787239549632,0.004200000000000001,0.04895359061556712,0.07717394799421748
1997-09-30,947.280029296875,22.90999984741211,-0.006356596164940553,0.053153590615567126,0.1772065838564694,8.937846018577109e-11,0.23547893028823869,0.05545032660969318,0.0030747387211216472,9.454018203164783e-06,7.552351087467517e-26,-0.0043,0.0088,0.003,0.0002,1997-09,21,0.053153590615567126,0.17720658385646884,-0.03447769737522033,0.3267558115901114,23.0,32.66658134170863,0.01636037651277454,0.004200000000000001,-0.03867769737522033,0.051893414617651706
1997-10-31,914.6199951171875,35.09000015258789,0.012106058040538326,-0.0477271576190329,0.3398499348888358,0.019015711473960285,0.7806287395829412,0.6093812290628514,0.3713454823341514,0.13789746724998356,4.986334947099465e-05,0.011699999999999999,0.0009,-0.0045000000000000005,0.0002,1997-10,23,-0.03447769737522033,0.3267558115901114,0.04458685521263872,0.1891587392218482,19.0,32.901498179798125,0.01617677362378569,0.004200000000000001,0.04038685521263872,0.01105006663704311
1997-11-28,955.4000244140625,27.43000030517578,0.003951084136593508,0.03942736012051373,0.19491760271922767,9.250028420499929e-09,0.3146907240719248,0.09903025181691232,0.009806990774921063,9.617706805938685e-05,8.229200953815558e-21,0.0036,-0.0007000000000000001,-0.0014000000000000002,0.0002,1997-11,19,0.04458685521263872,0.1891587392218482,0.01573159710869465,0.16382243231032234,22.0,32.33660053281268,0.016447940186597367,0.004200000000000001,0.01153159710869465,0.07938240033253016
1997-12-31,970.4299926757812,24.010000228881836,-0.000422349891171625,-0.004452359806424666,0.15216199360634783,0.0001511117996051255,0.5770403048292914,0.3329755133974815,0.11087269252231638,0.012292753947148112,2.8070228255915345e-10,0.002,0.009000000000000001,-0.0033,0.0002,1997-12,22,0.01573159710869465,0.16382243231032234,0.010150177442407537,0.18073099593763098,20.0,33.03078904290543,0.016106071469393267,0.004200000000000001,0.005950177442407537,0.08793800868247054
1998-01-30,980.280029296875,21.469999313354492,-0.005286670579232267,0.009723540624898108,0.17618811669001788,1.5178546431424098e-05,0.4998352566110918,0.24983528375147598,0.062417669007180515,0.003895965404289943,8.97584736373565e-13,-0.004,0.0024,0.0024,0.0002,1998-01,20,0.010150177442407537,0.18073099593763098,0.07044919253631221,0.10620872621455395,19.0,32.85996841505224,0.016141421690749044,0.004200000000000001,0.06624919253631222,0.03851187644352705
1998-02-27,1049.3399658203125,18.549999237060547,0.0006388299912520878,0.07353747696257917,0.10679784501894303,2.8662423500997256e-15,0.12333378414454345,0.015211222311412838,0.00023138128420722374,5.353729868138404e-08,4.398273902519589e-37,0.0005,0.0005,0.0018,0.0002,1998-02,19,0.07044919253631221,0.10620872621455395,0.04994571434122097,0.11089392471005298,22.0,34.709677782269985,0.01523824408541231,0.004200000000000001,0.04574571434122097,0.07870214735166244
1998-03-31,1101.75,24.219999313354492,0.007452473112662394,0.05158924438974055,0.11278888794943896,1.0040839813797856e-11,0.20540481855350662,0.042191139484998974,0.0017800922510426396,3.168728422222052e-06,3.19466332888684e-28,0.0077,0.0003,-0.0011,0.0002,1998-03,22,0.04994571434122097,0.11089392471005298,0.009076469253460173,0.1424280916409374,21.0,36.29692773642509,0.014524112441146701,0.004200000000000001,0.004876469253460173,0.12941110518410598
1998-04-30,1111.75,21.18000030517578,0.01564927094263302,0.009076469253460395,0.1424280916409381,5.853162607031706e-06,0.4709360229176429,0.2217807376814867,0.049186695606544414,0.0024193310246908555,8.288510149256857e-14,0.0147,-0.0031,-0.0032,0.0002,1998-04,21,0.009076469253460173,0.1424280916409374,-0.018826223261468766,0.11176811743538548,20.0,37.27693404302876,0.014161122100341664,0.004200000000000001,-0.02302622326146877,0.06937191141081972
1998-05-29,1090.8199462890625,21.31999969482422,-0.006177140531782199,-0.0034715689874805777,0.1231441817733143,2.9658344825304537e-05,0.5212057303631293,0.2716554133633631,0.07379666360961967,0.005445947559911364,4.7903503299963824e-12,-0.0042,0.0055000000000000005,0.0060999999999999995,0.0002,1998-05,20,-0.018826223261468766,0.11176811743538548,0.039438240635040644,0.15592101872392147,22.0,36.956598518969,0.014299633712852528,0.004200000000000001,0.03523824063504064,0.09005581517492788
1998-06-30,1133.8399658203125,19.709999084472656,-0.004084378829808832,0.03928576703410025,0.15965775348734246,3.51596611622744e-09,0.2962291501094123,0.08775170937454474,0.007700362498154563,5.929558260298519e-05,7.330130434760244e-22,-0.002,0.0084,-0.0009,0.0002,1998-06,22,0.039438240635040644,0.15592101872392147,-0.011615326917384983,0.16335719518109051,22.0,36.80229346009202,0.014390241701928019,0.004200000000000001,-0.015815326917384985,0.03744223735738411
1998-07-31,1120.6700439453125,24.799999237060547,-0.01949333582255175,-0.024282591441134427,0.1600856954088469,0.00527216687115607,0.720483968456326,0.5190971488025762,0.2694618498949639,0.07260968854881605,2.0182402797750586e-06,-0.0187,-0.0037,0.0060999999999999995,0.0002,1998-07,22,-0.011615326917384983,0.16335719518109051,-0.14579671825011398,0.32183526874961804,21.0,38.25964508524854,0.013848328693216207,0.004200000000000001,-0.149996718250114,0.08791429696175856
1998-08-31,957.280029296875,44.279998779296875,-0.06801408216529636,-0.14579671825011387,0.32183526874961843,0.07126511909072034,0.8478222569729034,0.7188025794186278,0.5166771481788727,0.26695527545025277,0.0013557903487968663,-0.067,-0.0027,0.0248,0.0002,1998-08,21,-0.14579671825011398,0.32183526874961804,0.06239551504341101,0.35083699030953375,21.0,35.42340102487832,0.014966499785970857,0.004200000000000001,0.05819551504341101,0.12096471904335032
1998-09-30,1017.010009765625,40.95000076293945,-0.03051420294145435,0.06239551504341101,0.3508369903095341,4.0412432910079625e-14,0.14551480688739024,0.021174559023474475,0.0004483619498386043,2.0102843806307512e-07,3.2831255551775725e-34,-0.0258,0.0229,0.0034000000000000002,0.0002,1998-09,21,0.06239551504341101,0.35083699030953375,0.08029422856762913,0.2420271794291825,22.0,33.532356980834905,0.015813607148455873,0.004200000000000001,0.07609422856762914,0.058663017319860455
1998-10-30,1098.6700439453125,28.049999237060547,0.011731870013946821,0.1138292436353312,0.2156009763513911,8.920632131118348e-21,0.05583412659134958,0.0031174496922188504,9.718492583515405e-06,9.444909809584392e-11,7.516039879651947e-51,0.012199999999999999,-0.0072,0.0058,0.0001,1998-10,22,0.08029422856762913,0.2420271794291825,0.05912599628568205,0.15313416724008239,20.0,33.773102879048146,0.015658275785252838,0.0021000000000000003,0.05702599628568205,0.06489901601921436
1998-11-30,1163.6300048828125,26.010000228881836,-0.02407047732562262,0.07155152480249694,0.1523457282477259,3.1716876724907906e-13,0.165512443717034,0.02739436902518435,0.0007504514542879797,5.631773852429437e-07,5.665340740567756e-32,-0.0231,0.012199999999999999,0.0066,0.0002,1998-11,20,0.05912599628568205,0.15313416724008239,0.05637528708495676,0.1941719032154718,22.0,37.36939188392095,0.014140926050522966,0.004200000000000001,0.05217528708495676,0.10775427404109245
1998-12-31,1229.22998046875,24.420000076293945,-0.002191742326647539,0.04590391211203615,0.19712006550976108,3.591112806929882e-09,0.2966209458909877,0.08798398554126426,0.007741181711725399,5.992589429395177e-05,7.728097975826963e-22,0.0043,0.0183,0.0024,0.0002,1998-12,22,0.05637528708495676,0.1941719032154718,0.04100944085374825,0.21309159787948892,19.0,38.82027478009815,0.013612873408680308,0.004200000000000001,0.036809440853748245,0.047079935253178384
1999-01-29,1279.6400146484375,26.25,0.011277349381062507,0.030463560665249245,0.2056302951126236,2.953613653229678e-07,0.39074830736792227,0.15268423971089629,0.023312477056094436,0.0005434715864909294,4.7411556936925994e-17,0.0095,0.0018,-0.0060999999999999995,0.0002,1999-01,19,0.04100944085374825,0.21309159787948892,-0.032282562377591084,0.21917698171390335,19.0,40.57695767720812,0.013039497529569097,0.004200000000000001,-0.036482562377591086,0.056869704887376415
1999-02-26,1238.3299560546875,27.8799991607666,-0.005373458556177546,-0.003893343403984062,0.22247094808028803,0.0006109484472843366,0.6296878090912411,0.3965067369181274,0.15721759242146105,0.02471737136680065,9.225956731127086e-09,-0.0049,0.0,0.0038,0.0002,1999-02,19,-0.032282562377591084,0.21917698171390335,0.038794215408917365,0.18980711527258337,23.0,40.40015922925995,0.013129254977618767,0.004200000000000001,0.03459421540891736,0.05632904352737797
1999-03-31,1286.3699951171875,23.260000228881836,-0.011055164238179871,0.049669518659475775,0.19496973277691212,1.045338879916235e-09,0.27460191968852754,0.07540621429662454,0.005686097154548464,3.2331700850964136e-05,3.5329928553652815e-23,-0.009000000000000001,-0.0001,0.0023,0.0002,1999-03,23,0.038794215408917365,0.18980711527258337,0.03794402759627746,0.18291835790465263,21.0,41.356103632713,0.012834917216734546,0.004200000000000001,0.03374402759627746,0.037630269511906234
1999-04-30,1335.1800537109375,25.06999969482422,-0.005696851123448199,0.03794402759627746,0.18291835790465344,2.6780204063663676e-08,0.3363089054903986,0.11310367991214985,0.01279244240967005,0.00016364658280472487,1.1736394656219219e-19,-0.004699999999999999,0.0066,-0.0026,0.0002,1999-04,21,0.03794402759627746,0.18291835790465263,-0.024970480796175698,0.20137450480932548,20.0,42.70450951689215,0.012324312985105937,0.004200000000000001,-0.0291704807961757,0.06778163904358875
1999-05-28,1301.8399658203125,25.389999389648438,0.015943321103852215,-0.030525078808046557,0.1968963650678089,0.03386104328448149,0.8092939074428487,0.6549566286241141,0.4289681853786657,0.1840137040670653,0.00021098463910132188,0.015,-0.0006,-0.0064,0.0002,1999-05,20,-0.024970480796175698,0.20137450480932548,0.054438331114325056,0.16525222356823321,22.0,42.55667670951803,0.012349200867822261,0.004200000000000001,0.050238331114325054,0.05700362882867549
1999-06-30,1372.7099609375,21.09000015258789,0.0157312594130401,0.060613748844856374,0.16663538279358606,1.5569277948931495e-11,0.21111387606406112,0.044569068666791764,0.0019864018818251993,3.9457924361186935e-06,9.564696189621073e-28,0.015600000000000001,0.0103,-0.0125,0.0002,1999-06,22,0.054438331114325056,0.16525222356823321,-0.03204609239109202,0.140341214022442,21.0,42.180675911746924,0.012438093077766436,0.004200000000000001,-0.03624609239109202,0.04426461873229284
1999-07-30,1328.719970703125,24.639999389648438,-0.009179554763739661,-0.032046092391091685,0.140341214022443,0.008892515226340264,0.7444131539223935,0.5541509437326851,0.3070832684398256,0.09430013375568597,7.456955367855634e-06,-0.0074,0.013600000000000001,0.0009,0.0002,1999-07,21,-0.03204609239109202,0.140341214022442,-0.006254091687234564,0.1809559759128443,22.0,43.82803599280541,0.011957605292821335,0.004200000000000001,-0.010454091687234565,0.10605877987404136
1999-08-31,1320.4100341796875,24.450000762939453,-0.0027265338124121685,-0.005752806270500899,0.18542188875838905,0.0006861679823559948,0.6342739909626833,0.4023034956117301,0.16184810258141735,0.02619480830920499,1.2333209914668865e-08,-0.002,0.0029,-0.0019,0.0002,1999-08,22,-0.006254091687234564,0.1809559759128443,-0.02855179244802475,0.18337053211764875,21.0,41.93071215994045,0.012487225264722648,0.004200000000000001,-0.03275179244802475,0.059078118871005475
1999-09-30,1282.7099609375,25.40999984741211,0.011305822335372806,-0.028551792448024638,0.18337053211764942,0.022133769233005487,0.7880721155874738,0.6210576593665167,0.3857126162578163,0.14877422234044946,7.288504800860496e-05,0.0092,0.0054,-0.0105,0.0002,1999-09,21,-0.02855179244802475,0.18337053211764875,0.06253954145238438,0.2430006341252766,21.0,41.32345133471502,0.012623561452619919,0.004200000000000001,0.05833954145238438,0.07072946635647165
1999-10-29,1362.9300537109375,22.200000762939453,0.01526333631225496,0.0625395414523846,0.2430006341252771,1.3836556524383768e-11,0.2095628284024162,0.04391657904802053,0.0019286659152810358,3.7197522127668353e-06,7.1214766386392825e-28,0.0171,-0.0095,-0.005,0.0002,1999-10,21,0.06253954145238438,0.2430006341252766,0.01906185896922019,0.1297466923326036,21.0,40.552854399539875,0.012812721953420871,0.004200000000000001,0.01486185896922019,-0.02100062649588255
1999-11-30,1388.9100341796875,24.18000030517578,-0.01343906754763291,0.019061858969220413,0.12974669233260455,6.52817232964235e-07,0.41060522890234114,0.16859665400194399,0.028424831740651215,0.0008079710594843327,3.443333008519139e-16,-0.013000000000000001,-0.001,0.013600000000000001,0.0002,1999-11,21,0.01906185896922019,0.1297466923326036,0.057843894739922685,0.10966248181937571,22.0,43.208290714613916,0.01198658039779535,0.004200000000000001,0.05364389473992268,0.11205331071915325
1999-12-31,1469.25,24.639999389648438,0.0032639995305467906,0.05117622327517557,0.11153668281558715,3.400293148213364e-11,0.2216765595513281,0.0491404970545135,0.0024147884507646506,5.831203261946341e-06,6.742033417557144e-27,0.0051,0.0128,0.0051,0.0002,1999-12,22,0.057843894739922685,0.10966248181937571,-0.050903548791900066,0.2596518901275674,20.0,44.19793976104056,0.01168211215947588,0.004200000000000001,-0.05510354879190007,0.13486331108089722
2000-01-31,1394.4599609375,24.950000762939453,0.025217566974388372,-0.047805698420713694,0.2538586406800068,0.13527287210534927,0.8824714613534258,0.7787558801032509,0.6064607207953888,0.3677946058676626,0.006730181517503658,0.0149,-0.0311,-0.0013,0.0002,2000-01,20,-0.050903548791900066,0.2596518901275674,-0.02010808325635649,0.19888901242037205,20.0,43.77257814693801,0.011723800905823789,0.004200000000000001,-0.024308083256356493,-0.004358633050612265
2000-02-29,1366.4200439453125,23.3700008392334,0.013627086867551208,0.0046024067817875824,0.21398499750285757,0.00012419842981973897,0.5700097135795441,0.3249110735750339,0.10556720573168109,0.011144434925995081,1.7190569450440234e-10,0.0192,0.015600000000000001,-0.0006,0.0002,2000-02,20,-0.02010808325635649,0.19888901242037205,0.09671982835364834,0.26823095285905957,23.0,42.18563588791732,0.012050563887668874,0.004200000000000001,0.09251982835364835,0.019715010889476414
2000-03-31,1498.5799560546875,24.110000610351562,0.007164304394414511,0.08454430976684413,0.2805924833068425,2.569751298237103e-15,0.12249495243145062,0.015005013371183347,0.00022515042626939107,5.06927144492885e-08,3.3475551093288814e-37,0.0118,0.0009,0.0026,0.0002,2000-03,23,0.09671982835364834,0.26823095285905957,-0.030795755780191003,0.332620735286882,19.0,43.22074843996588,0.011621053799377345,0.004200000000000001,-0.034995755780191005,-0.03949247720332688
2000-04-28,1452.4300537109375,26.200000762939453,-0.008526055934586774,-0.03718211564586438,0.31996647283327917,0.009111999748117997,0.7455484234729778,0.5558424517430427,0.3089608311597167,0.09545679519090297,7.925638281431777e-06,0.0006,0.0215,0.0016,0.0002,2000-04,19,-0.030795755780191003,0.332620735286882,-0.021915050603417696,0.24903042198824155,22.0,43.52857428850774,0.011455082936442767,0.004200000000000001,-0.0261150506034177,-0.057966465203884654
2000-05-31,1420.5999755859375,23.649999618530273,-0.0013005558363676784,-0.03245361785395029,0.25156448444700363,0.03301579808920476,0.8080162826408148,0.6528903130126812,0.4262657608257968,0.18170249885239542,0.00019806352305034908,-0.0024,-0.0011,0.0091,0.0002,2000-05,22,-0.021915050603417696,0.24903042198824155,0.02393354961587768,0.1672748915729521,22.0,41.966050503324325,0.011787265241667136,0.004200000000000001,0.019733549615877678,-0.015064488261700898
2000-06-30,1454.5999755859375,19.540000915527344,0.00846508975623772,0.003996325783248267,0.15731975171784518,6.421989612828822e-05,0.5469899536927465,0.29919800944079294,0.08951944885333282,0.008013731723004472,3.3050192773987864e-11,0.0073,0.0161,-0.0126,0.0002,2000-06,22,0.02393354961587768,0.1672748915729521,-0.016341275904171337,0.16503353098011664,20.0,42.78197156707145,0.011423021149689457,0.004200000000000001,-0.02054127590417134,0.038080257437428267
2000-07-31,1430.8299560546875,20.739999771118164,0.007704780858649007,-0.00801451651519347,0.16400653113862534,0.0007048404509527495,0.6353392357467194,0.4036559444792255,0.16293812151341555,0.026548831442320574,1.318946108796901e-08,0.0105,0.0085,-0.0045000000000000005,0.0002,2000-07,20,-0.016341275904171337,0.16503353098011664,0.06069910494167119,0.1007189537602896,23.0,42.75809361826959,0.011258203213396696,0.004200000000000001,0.05649910494167119,0.0433934665725563
2000-08-31,1517.6800537109375,16.84000015258789,0.010042718395491868,0.054896854952090735,0.10498076562098672,9.045811828645977e-12,0.20406943958832885,0.0416443361738946,0.001734250735364346,3.0076256131117743e-06,2.461041137629851e-28,0.0115,0.0017000000000000001,-0.005699999999999999,0.0002,2000-08,23,0.06069910494167119,0.1007189537602896,-0.053482974719764265,0.13883557936095295,20.0,42.8695654944195,0.011085230613188285,0.004200000000000001,-0.05768297471976427,0.0634192359048922
2000-09-29,1436.510009765625,20.56999969482422,-0.014935320624473891,-0.0439773707783363,0.14234685651713777,0.03565546172121074,0.8119099786129491,0.6591978133712796,0.43454175715347626,0.18882653871003074,0.00024005743524356873,-0.0127,0.006,0.0143,0.0003,2000-09,20,-0.053482974719764265,0.13883557936095295,-0.004949485421771094,0.2584877634708805,22.0,41.898007924884745,0.01113722284663329,0.006299999999999999,-0.011249485421771094,0.0633531404311044
2000-10-31,1429.4000244140625,23.6299991607666,0.021978171595075313,-0.004755475200746262,0.2648709122370966,0.0003847262754964396,0.6117472003813071,0.37423463717436717,0.14005156366103022,0.0196144404838996,2.9032178165422788e-09,0.0275,0.0066,-0.0167,0.0003,2000-10,22,-0.004949485421771094,0.2584877634708805,-0.08006861010730881,0.19291625903317383,21.0,39.36969904420139,0.011742222605876627,0.006299999999999999,-0.08636861010730881,-0.028570920629430563
2000-11-30,1314.949951171875,29.649999618530273,-0.020105446229818358,-0.08006861010730892,0.19291625903317428,0.8666756274154982,0.9910967145549722,0.98227269760166,0.9648596524536422,0.9309541489329634,0.6992644648202118,-0.0203,-0.0070999999999999995,0.0154,0.0002,2000-11,21,-0.08006861010730881,0.19291625903317383,0.004053445623728669,0.2650431420566901,20.0,38.78214245678479,0.011825975056360242,0.004200000000000001,-0.00014655437627133193,0.10358373715212849
2000-12-29,1320.280029296875,26.850000381469727,-0.010448008358699412,-0.016133496939122915,0.26785977217678836,0.0023276312758773086,0.6845924993011497,0.4686668900993948,0.21964865387543817,0.04824553114929204,2.613878883079657e-07,-0.0124,-0.0026,0.013300000000000001,0.0003,2000-12,20,0.004053445623728669,0.2650431420566901,0.03463657667616449,0.2477958303579403,21.0,37.27423800449722,0.01222453472383972,0.006299999999999999,0.028336576676164488,0.0006402316379088835
2001-01-31,1366.010009765625,22.020000457763672,-0.005619714800495723,0.03463657667616449,0.2477958303579406,9.265130151196189e-08,0.3634362312330981,0.13208589417291797,0.017446683439459286,0.00030438676303670286,2.61293623213117e-18,-0.006999999999999999,0.004,0.0034999999999999996,0.0003,2001-01,21,0.03463657667616449,0.2477958303579403,-0.09229073539585952,0.1693200407987677,19.0,36.97886799702983,0.012106646301745242,0.006299999999999999,-0.09859073539585952,-0.027595825780303868
2001-02-28,1239.93994140625,28.350000381469727,-0.014309109209043602,-0.09106643492901878,0.16599341931015593,0.4847956636245216,0.9557568523670112,0.9134711608464968,0.8344295616982466,0.6962726934359279,0.163642767761821,-0.0148,0.0037,0.0086,0.0002,2001-02,19,-0.09229073539585952,0.1693200407987677,-0.06420471080339174,0.2890114852716337,22.0,35.8346626514313,0.012307103197396132,0.004200000000000001,-0.06840471080339174,0.11750658450454132
2001-03-30,1160.3299560546875,28.639999389648438,0.010784446543313564,-0.06517730451814474,0.29581076877923884,0.2548119024437761,0.9180973458818728,0.8429027365153392,0.7104850232250473,0.504788968227096,0.03277549623736978,0.011899999999999999,0.0158,-0.0046,0.0002,2001-03,22,-0.06420471080339174,0.2890114852716337,0.07681436165439504,0.30739104452516386,20.0,32.325837236178764,0.013467133279925794,0.004200000000000001,0.07261436165439504,-0.009410774882754491
2001-04-30,1249.4599609375,25.479999542236328,-0.0028650794068301177,0.08842720857472863,0.3005597595122713,1.297628751898499e-15,0.1173739996041817,0.013776655783082447,0.00018979624456553901,3.60226144511819e-08,6.065633272515225e-38,0.0003,0.0066,-0.0042,0.0002,2001-04,20,0.07681436165439504,0.30739104452516386,0.005090187401275648,0.17439320892444507,22.0,32.1739011683607,0.013343530782850355,0.004200000000000001,0.000890187401275647,-0.04575976408990806
2001-05-31,1255.8199462890625,22.639999389648438,0.006201517937073353,-0.008385707659689823,0.1720409580330987,0.0013450973300903955,0.6615262878157097,0.43761702947123315,0.19150866448322618,0.036675568572148896,6.635662310559253e-08,0.0073,-0.0028000000000000004,-0.0011,0.0001,2001-05,22,0.005090187401275648,0.17439320892444507,-0.02503538942756478,0.13654099963741012,21.0,34.07464321714005,0.012424201872945151,0.0021000000000000003,-0.02713538942756478,0.05435903586338567
2001-06-29,1224.3800048828125,19.059999465942383,-0.0014842165727727563,-0.02503538942756467,0.13654099963741087,0.004336171735972813,0.7117363628475979,0.5065686501995276,0.2566117973649713,0.06584961454688108,1.2381298261374227e-06,0.0034999999999999996,0.025099999999999997,-0.0088,0.0001,2001-06,21,-0.02503538942756478,0.13654099963741012,-0.010740149595403037,0.19103278501616294,21.0,33.068534411112786,0.012666402951457564,0.0021000000000000003,-0.012840149595403038,0.054058995022012946
2001-07-31,1211.22998046875,21.6200008392334,0.005570651237587043,-0.010740149595403703,0.19103278501616347,0.0027940232481278816,0.6924515248477947,0.4794891142640361,0.22990981069770988,0.052858521055056784,4.126435285784622e-07,0.005,-0.0046,0.0008,0.0001,2001-07,21,-0.010740149595403037,0.19103278501616294,-0.06410840688075758,0.15273766579889964,23.0,32.163038687444356,0.013040530255856754,0.0021000000000000003,-0.06620840688075759,0.025167223376170528
2001-08-31,1133.5799560546875,24.920000076293945,0.004029943083662779,-0.07140695797281382,0.1562129033292725,0.3217076873327168,0.9315718140821244,0.8678260447922601,0.7531220440197779,0.5671928131885283,0.05870209442459891,0.004,-0.0042,0.0044,0.0001,2001-08,23,-0.06410840688075758,0.15273766579889964,-0.08172340570563896,0.3478786861010535,15.0,31.404318760780146,0.013341818696082591,0.0021000000000000003,-0.08382340570563897,0.09298709743366695
2001-09-28,1040.93994140625,31.93000030517578,0.021921988175857665,-0.10425184622306194,0.3114341253339581,0.9249486770809178,0.995135804499501,0.9902952693968692,0.9806847205898177,0.9617425211983287,0.8227996322814425,0.0225,0.0039000000000000003,0.0051,0.0002,2001-09,15,-0.08172340570563896,0.3478786861010535,0.018099111333141238,0.19244263544717538,23.0,27.6673925868625,0.015067391637310459,0.004200000000000001,0.013899111333141237,0.00786587771779973
2001-10-31,1059.780029296875,33.560001373291016,-9.445045958234033e-06,0.008037508294634677,0.19727664691385186,0.00015032246873148469,0.5768514567615702,0.3327576031679457,0.11072762246607605,0.01226060637698987,2.770510170703878e-10,0.0018,0.0134,-0.0007000000000000001,0.0001,2001-10,23,0.018099111333141238,0.19244263544717538,0.07517590412404562,0.15600703897668927,21.0,28.5773731133601,0.014620236115884417,0.0021000000000000003,0.07307590412404562,0.1383233668190583
2001-11-30,1139.449951171875,23.84000015258789,-0.0006577793651273423,0.0751759041240454,0.1560070389766898,1.7040009069787028e-12,0.18385136721136117,0.03380132522548677,0.0011425295869991283,1.3053738571683986e-06,3.790308452545885e-30,-0.0014000000000000002,-0.0015,0.0022,0.0001,2001-11,21,0.07517590412404562,0.15600703897668927,0.0075738340889273115,0.15427016828106646,20.0,30.005103811056813,0.013933149210395865,0.0021000000000000003,0.005473834088927311,0.0823929625491891
2001-12-31,1148.0799560546875,23.799999237060547,-0.011145426658350721,0.006911072812021857,0.1504104892468119,6.007725025095449e-05,0.5447150541431279,0.2967144902101507,0.08803948870066965,0.007750951570675338,2.7975323463496166e-11,-0.0104,0.0018,0.008,0.0001,2001-12,20,0.0075738340889273115,0.15427016828106646,-0.015573832456979964,0.16549640000460253,21.0,30.499953255020454,0.013747565353340378,0.0021000000000000003,-0.017673832456979965,0.08758950312379354
2002-01-31,1130.199951171875,21.09000015258789,0.014933956271208082,-0.015573832456979853,0.16549640000460306,0.003931809526962099,0.7073950710189728,0.5004077865019375,0.2504079527917687,0.06270414282136468,9.69351254398751e-07,0.013500000000000002,-0.005699999999999999,0.002,0.0001,2002-01,21,-0.015573832456979964,0.16549640000460253,-0.02076621103972731,0.18884908512937718,19.0,30.277204433095996,0.013801551176245312,0.0021000000000000003,-0.022866211039727313,0.045403601521275844
2002-02-28,1106.72998046875,21.59000015258789,-0.0028471597527511827,0.00553311322436123,0.19202752790419422,0.00021499048468341347,0.5898970202555099,0.3479784945063295,0.12108903263889158,0.01466255382542255,6.777165588058272e-10,-0.0031,-0.0025,0.0042,0.0001,2002-02,19,-0.02076621103972731,0.18884908512937718,0.03673889286207421,0.16065790771723326,20.0,29.085704152008425,0.014294323760376256,0.0021000000000000003,0.034638892862074215,0.02387247362168468
2002-03-28,1147.3900146484375,17.399999618530273,0.002455100300232438,0.033787131612206034,0.15743455676266532,2.2063989046500382e-07,0.38368979823186883,0.1472178612672122,0.02167309867609214,0.0004697232062236268,2.286704693037261e-17,0.0029,-0.0017000000000000001,0.0034000000000000002,0.0001,2002-03,20,0.03673889286207421,0.16065790771723326,-0.06141762591921884,0.160392018644916,22.0,30.29213064091867,0.013633330155400898,0.0021000000000000003,-0.06351762591921885,0.016565439422637412
2002-04-30,1076.9200439453125,21.90999984741211,0.010765491857052112,-0.06072181759488682,0.16417782928266045,0.27641004196499586,0.9227777484717351,0.8515187730745648,0.7250842208984122,0.5257471273958574,0.0401684008413265,0.012,0.0053,0.0014000000000000002,0.0001,2002-04,22,-0.06141762591921884,0.160392018644916,-0.009081481352177345,0.22179242649032926,22.0,29.005883253118682,0.014239505484457952,0.0021000000000000003,-0.011181481352177346,0.054922169191460646
2002-05-31,1067.1400146484375,19.979999542236328,0.002329363730329881,-0.017782474259236736,0.22480861232652957,0.010239433222052455,0.7510039908798253,0.5640069943174246,0.31810388963897546,0.10119008460344549,1.0609374872542943e-05,0.0019,-0.0015,0.0019,0.0001,2002-05,22,-0.009081481352177345,0.22179242649032926,-0.07245535380817969,0.21356599014227262,20.0,28.128107508688345,0.014766427302910973,0.0021000000000000003,-0.0745553538081797,-0.02500861690416628
2002-06-28,989.8200073242188,25.399999618530273,-0.0008277550998277983,-0.07029476495107889,0.20919248146741132,0.8208729497310833,0.987739101653413,0.9756285329350913,0.9518510342770786,0.9060203914543443,0.610505894460402,0.0012,0.0006,0.018600000000000002,0.0001,2002-06,20,-0.07245535380817969,0.21356599014227262,-0.07900427514940778,0.4256362972823689,22.0,26.38767254118336,0.01581822843730893,0.0021000000000000003,-0.08110427514940778,0.044807514717891406
2002-07-31,911.6199951171875,32.029998779296875,0.00979193771842457,-0.05887578367777624,0.4312204006483644,0.0008445488299995043,0.6425605341101299,0.4128840399958954,0.17047323048333216,0.029061122311423285,2.0728215327833102e-08,0.006500000000000001,-0.024700000000000003,-0.0013,0.0001,2002-07,22,-0.07900427514940778,0.4256362972823689,0.004881433306493932,0.33592039369654053,22.0,23.46312046743144,0.017662878075233236,0.0021000000000000003,0.0027814333064939316,-0.11092041285539567
2002-08-30,916.0700073242188,32.63999938964844,-0.0018849209977764847,0.03550520554020342,0.32649351636578516,2.347402027395201e-08,0.3335505930864884,0.11125599814834813,0.012377897123985244,0.0001532123372119622,8.442453715163251e-20,-0.0029,-0.0040999999999999995,0.0084,0.0001,2002-08,22,0.004881433306493932,0.33592039369654053,-0.11002431825242798,0.29876436134667267,20.0,23.588713528842373,0.0174017862034957,0.0021000000000000003,-0.11212431825242798,-9.352246930077746e-05
2002-09-30,815.280029296875,39.689998626708984,-0.014612526308257157,-0.1117018521024643,0.29149010493870736,0.8804114162790374,0.9920712272203296,0.9842053198784508,0.9686601116770438,0.9383024119541831,0.7273009645185441,-0.0127,0.015,-0.0052,0.0001,2002-09,20,-0.11002431825242798,0.29876436134667267,0.08644880033371405,0.35896078408990195,23.0,22.36503680122433,0.018206750325532088,0.0021000000000000003,0.08434880033371404,0.10540988132838247
2002-10-31,885.760009765625,31.139999389648438,-0.005557377917527417,0.06987479133917218,0.34017777690801815,1.8009610523958408e-12,0.1844883811613984,0.034035962783553426,0.0011584467626034338,1.3419989017863767e-06,4.352720713822354e-30,-0.0040999999999999995,0.0027,0.0032,0.0001,2002-10,23,0.08644880033371405,0.35896078408990195,0.05706962070498589,0.23831352685079826,20.0,21.956233863659076,0.01859284134654763,0.0021000000000000003,0.05496962070498589,-0.028777783011533775
2002-11-29,936.3099975585938,27.5,-0.0027266794890747903,0.05119508533759087,0.2341134605488157,2.5817483141206084e-08,0.33554024622052137,0.1125872568337281,0.012675890401343854,0.00016067819746688126,1.0709883711092538e-19,-0.003,-0.0066,0.0046,0.0001,2002-11,20,0.05706962070498589,0.23831352685079826,-0.060332571885028385,0.17616838583864833,21.0,23.34839650272513,0.017561790467398593,0.0021000000000000003,-0.06243257188502838,0.04088653945118431
2002-12-31,879.8200073242188,28.6200008392334,0.0004889669755383519,-0.06033257188502883,0.1761683858386482,0.4032921571298471,0.9448246951243838,0.8926937045168848,0.7969020500840793,0.6350528774282084,0.10328789836780931,0.0012,-0.0003,0.0067,0.0001,2002-12,21,-0.060332571885028385,0.17616838583864833,-0.027414692683045194,0.2544103658542888,21.0,23.101442537685635,0.01787183878644988,0.0021000000000000003,-0.029514692683045195,0.11003162255368582
2003-01-31,855.7000122070312,31.170000076293945,0.013130352526974365,-0.02741469268304464,0.2544103658542886,0.029933135777218525,0.8030813002535292,0.6449395748168992,0.4159470551650027,0.1730119527004378,0.00015501743235148106,0.0128,-0.003,0.0024,0.0,2003-01,21,-0.027414692683045194,0.2544103658542888,-0.017003608256871305,0.18897644295328453,19.0,22.89834857661322,0.0179942846936953,0.0,-0.017003608256871305,0.057289634908650855
2003-02-28,841.1500244140625,29.6299991607666,0.004622103695029578,-0.026852192756308346,0.20165733407670625,0.044129322321915306,0.8228022178105739,0.6770034896339991,0.45833372497661246,0.210069803450937,0.0004090893236413419,0.0040999999999999995,-0.0075,0.0025,0.0,2003-02,19,-0.017003608256871305,0.18897644295328453,0.008357567684332823,0.27791615073441517,21.0,21.214102123415287,0.019318304003440735,0.0,0.008357567684332823,0.09464265753095977
2003-03-31,848.1799926757812,29.149999618530273,-0.017741757179176365,0.008357567684332823,0.27791615073441506,0.00010054950359578321,0.562533959846531,0.3164444559806185,0.10013709372086958,0.010027437538862219,1.013794258123394e-10,-0.0166,0.0077,0.0032,0.0,2003-03,21,0.008357567684332823,0.27791615073441517,0.08104410718003185,0.18662692667710987,21.0,21.30971902699099,0.019158310005551422,0.0,0.08104410718003185,0.0135838454508877
2003-04-30,916.9199829101562,21.209999084472656,-0.0010024012010726446,0.0810441071800323,0.18662692667710976,5.283833444744857e-12,0.19732600344655862,0.03893755163619126,0.0015161329274210609,2.298659053610356e-06,6.417602276252808e-29,0.0003,0.0075,0.0025,0.0,2003-04,21,0.08104410718003185,0.18662692667710987,0.050898709609522585,0.16288320231693243,21.0,22.427939577730896,0.01820537884490785,0.0,0.050898709609522585,0.0254730641676168
2003-05-30,963.5900268554688,19.469999313354492,0.014689789806504372,0.050898709609522585,0.16288320231693237,1.6730213689153073e-08,0.3265644030690414,0.10664430935183934,0.011373008717130808,0.00012934532727993335,3.620376358387835e-20,0.015300000000000001,0.0024,0.0008,0.0,2003-05,21,0.050898709609522585,0.16288320231693243,0.011322214676851683,0.15836217522157472,21.0,23.591080453481485,0.01729418636124051,0.0,0.011322214676851683,0.03181679081661254
2003-06-30,974.5,19.520000457763672,-0.0017618679751922883,0.011322214676852127,0.15836217522157467,8.156545402293186e-05,0.5552251640884588,0.308274982837056,0.09503346504318719,0.009031359478114679,6.008494181201352e-11,-0.0018,-0.0013,0.0036,0.0,2003-06,21,0.011322214676851683,0.15836217522157472,0.016223701958536285,0.15620655363873828,22.0,24.83222325953106,0.016366396761133606,0.0,0.016223701958536285,0.03683782935606206
2003-07-31,990.3099975585938,19.489999771118164,0.0028557325665139466,0.008133795682467415,0.15788386211465313,0.00013615577075344785,0.5732938109232463,0.3286657936428989,0.10802120391091659,0.011668580494363822,2.1631674156882133e-10,0.0032,0.0025,0.0022,0.0,2003-07,22,0.016223701958536285,0.15620655363873828,0.017873203593487874,0.10942364565303773,21.0,24.86732910126878,0.016432587099764244,0.0,0.017873203593487874,0.0370161355965285
2003-08-29,1008.010009765625,18.6299991607666,0.005155341601558616,0.017873203593487874,0.10942364565303757,2.5637760425436063e-06,0.44725479498932663,0.20003685164094462,0.04001474201442128,0.001601179578480692,1.0524469461652188e-14,0.0053,-0.0033,0.003,0.0,2003-08,21,0.017873203593487874,0.10942364565303773,-0.011944364585525835,0.15322162310047102,21.0,24.64225140993216,0.016624053843744,0.0,-0.011944364585525835,0.07687634595462846
2003-09-30,995.969970703125,22.719999313354492,-0.010540688476405324,-0.011944364585525724,0.15322162310047094,0.002577771621413251,0.6889739115779007,0.4746850508349528,0.22532589748618176,0.05077176007795329,3.373736001914297e-07,-0.0096,-0.0002,0.0011,0.0,2003-09,21,-0.011944364585525835,0.15322162310047102,0.05496148663571754,0.12107985670770423,23.0,25.243686752606262,0.01627364043004002,0.0,0.05496148663571754,0.07397837003307398
2003-10-31,1050.7099609375,16.100000381469727,0.0036009893043016383,0.02986549340819833,0.1042222207681629,1.436110328867994e-07,0.3735289249121634,0.13952385774603657,0.01946690688033625,0.0003789604634876828,7.81572939650123e-18,0.0028000000000000004,-0.0059,-0.0011,0.0,2003-10,23,0.05496148663571754,0.12107985670770423,0.007128504071373332,0.11324242299564859,19.0,25.68275607057969,0.016228150401612226,0.0,0.007128504071373332,0.05677778304653436
2003-11-28,1058.199951171875,16.31999969482422,-0.00023619444615519125,0.009626819667144071,0.10815688640528444,9.776058771417889e-06,0.48627868962808996,0.23646696398641226,0.05591662505695119,0.0031266689577596615,2.988198954490575e-13,0.001,0.0027,-0.0017000000000000001,0.0,2003-11,19,0.007128504071373332,0.11324242299564859,0.05076554077889228,0.09676620621585347,22.0,25.946798218420128,0.01630948979267867,0.0,0.05076554077889228,0.055043110542957754
2003-12-31,1111.9200439453125,18.309999465942383,0.0020547468248948153,0.03906108569025246,0.09361761936574334,7.957633700050044e-09,0.31174464097790927,0.09718472117844554,0.009444870030532201,8.920556989364535e-05,5.648847629670342e-21,0.0001,-0.0138,0.0001,0.0,2003-12,22,0.05076554077889228,0.09676620621585347,0.01727638695075484,0.11303120806780224,20.0,26.635170511081533,0.016092315664791235,0.0,0.01727638695075484,0.0894823752936805
2004-01-30,1131.1300048828125,16.6299991607666,-0.0026275938905750973,0.01936663237688263,0.11024421248924676,1.648930664894308e-06,0.4350860407490507,0.18929986285468461,0.03583443807680241,0.001284106952280186,3.4914512818066407e-15,-0.0015,0.0021,0.0042,0.0,2004-01,20,0.01727638695075484,0.11303120806780224,0.012208973737610984,0.0918503084637293,19.0,27.658540355736573,0.015540564405043622,0.0,0.012208973737610984,0.05605577911841925
2004-02-27,1144.93994140625,14.550000190734863,2.6121900996267655e-05,0.014585957413850492,0.08924471972157758,1.0412310145842075e-06,0.42276272978418417,0.1787283256945751,0.03194381440558612,0.0010204072787785314,1.1062868224322706e-15,0.0011,0.0018,0.003,0.0,2004-02,19,0.012208973737610984,0.0918503084637293,-0.01635891961786684,0.15025369955831153,23.0,27.650862036740214,0.015576896165687101,0.0,-0.01635891961786684,0.056255282185771055
2004-03-31,1126.2099609375,16.739999771118164,-0.0007010107031942825,-0.019919950513240248,0.1520855169202445,0.006393014997939421,0.7292167028652913,0.5317569997377265,0.2827655067700685,0.07995633181893365,3.2678665145690964e-06,0.0,0.0014000000000000002,0.0021,0.0,2004-03,23,-0.01635891961786684,0.15025369955831153,-0.016790751960348405,0.12389532582010082,21.0,26.88653038403587,0.016032313742237406,0.0,-0.016790751960348405,0.01531448079093714
2004-04-30,1107.300048828125,17.190000534057617,-0.005916172812081788,-0.016790751960348183,0.12389532582010065,0.0012526472747620596,0.6585887379276456,0.43373912572512907,0.18812962918479934,0.0353927573772101,5.553566731999877e-08,-0.0066,-0.008,-0.0004,0.0,2004-04,21,-0.016790751960348405,0.12389532582010082,0.012083450097353454,0.11341366462355876,20.0,26.90057750844488,0.016070210112703234,0.0,0.012083450097353454,0.04800467952047552
2004-05-28,1120.6800537109375,15.5,-0.0005350809523592126,0.006095789506330274,0.1128404481422033,2.0213562961114887e-05,0.5088651154979174,0.2589437057707087,0.06705184275826737,0.0044959496172794116,1.8369916358315044e-12,0.0002,-0.0005,0.0013,0.0,2004-05,20,0.012083450097353454,0.11341366462355876,0.017988998771432785,0.097532992475485,21.0,25.902814292943756,0.016691150244533513,0.0,0.017988998771432785,0.0421595518577967
2004-06-30,1140.8399658203125,14.34000015258789,0.004083801133464071,0.017988998771432563,0.09753299247548473,8.07477274781304e-07,0.4160980152847264,0.1731375583238884,0.029976614102357864,0.0008985973930416803,5.859030672026241e-16,0.004699999999999999,0.0007000000000000001,0.0034999999999999996,0.0,2004-06,21,0.017988998771432785,0.097532992475485,-0.03429051952002671,0.09525952376972423,21.0,26.401285366474912,0.01642007133020234,0.0,-0.03429051952002671,0.04586700905039416
2004-07-30,1101.719970703125,15.319999694824219,0.0011721935327353439,-0.034290519520026264,0.09525952376972399,0.0016150036267169635,0.6691305273145272,0.4477356625842171,0.20046722354972793,0.040187107717736585,1.0481748979128884e-07,0.0014000000000000002,0.0021,-0.0028000000000000004,0.0,2004-07,21,-0.03429051952002671,0.09525952376972423,0.0022873503233691306,0.13156498107469936,22.0,25.695888646268553,0.016988440264653137,0.0,0.0022873503233691306,0.05794047317851819
2004-08-31,1104.239990234375,15.289999961853027,0.004630819912892159,-0.002150697523372047,0.13390108945294493,0.00022388227409473048,0.5913930710014649,0.3497457644285437,0.12232209973570639,0.014962696083752102,7.499792954422727e-10,0.0048,0.0004,0.0016,0.0001,2004-08,22,0.0022873503233691306,0.13156498107469936,0.009363875526838816,0.09399740588947403,21.0,25.174462226477768,0.01742367195009214,0.0021000000000000003,0.007263875526838816,0.01899891016558533
2004-09-30,1114.5799560546875,13.34000015258789,-0.0001974280263701278,0.009363875526838816,0.0939974058894738,3.022318347158339e-06,0.4518780676950756,0.2041937880638353,0.04169510308385849,0.0017384816211735857,1.5880000761341714e-14,0.0006,0.0009,0.0059,0.0001,2004-09,21,0.009363875526838816,0.09399740588947403,0.014014243690939843,0.12401978387638109,21.0,25.66840677635769,0.01714295939731224,0.0021000000000000003,0.011914243690939842,0.03940259563640511
2004-10-29,1130.199951171875,16.270000457763672,0.0024480326306184352,0.014014243690939843,0.12401978387638089,7.371327279534706e-06,0.4777730029625621,0.2282670423598644,0.05210584262772012,0.0027150188359447353,1.4752452829403224e-13,0.0018,-0.0055000000000000005,0.0024,0.0001,2004-10,21,0.014014243690939843,0.12401978387638109,0.038594936295969884,0.09959239307575454,21.0,25.411655665489327,0.017233405835369656,0.0021000000000000003,0.036494936295969886,0.03868022070125583
2004-11-30,1173.8199462890625,13.239999771118164,-0.00403030809919791,0.03859493629597055,0.09959239307575425,8.053011267352819e-09,0.31197686827621246,0.09732956633943322,0.009473044483822133,8.973857179247294e-05,5.819635264294542e-21,-0.0037,0.0015,0.0017000000000000001,0.0001,2004-11,21,0.038594936295969884,0.09959239307575454,0.03245821284320494,0.09037753572421142,22.0,26.465310814818036,0.01655060710273125,0.0021000000000000003,0.030358212843204935,0.03280760463542738
2004-12-31,1211.9200439453125,13.289999961853027,-0.0013431707117366187,0.01724909046924883,0.07859345032620364,1.901362449839436e-07,0.38013823772374694,0.14450507977971594,0.020881718082142064,0.0004360461500620589,1.5763849569703542e-17,-0.0014000000000000002,-0.0001,0.002,0.0001,2004-12,22,0.03245821284320494,0.09037753572421142,-0.025290467442294462,0.10233844483043911,20.0,27.14480869474123,0.016210672025750286,0.0021000000000000003,-0.027390467442294463,0.05430654929232663
2005-01-31,1181.27001953125,12.819999694824219,0.008460280617075266,-0.026599668738876092,0.09974759154387593,0.0008670555338368898,0.6436176305152906,0.41424365431011717,0.17159780513619988,0.02944580672756122,2.2136924607825652e-08,0.0097,0.0077,0.0014000000000000002,0.0001,2005-01,20,-0.025290467442294462,0.10233844483043911,0.01890334613211353,0.10682758769141448,19.0,26.587250697970365,0.016677811541576024,0.0021000000000000003,0.01680334613211353,0.028452405404366263
2005-02-28,1203.5999755859375,12.079999923706055,-0.006414241365205964,0.024732813034911816,0.10553251413521814,2.4700300627290435e-07,0.38640602540081453,0.1493096164660549,0.022293361569240416,0.0004969939700568854,3.032184320884815e-17,-0.0060999999999999995,0.0025,0.0005,0.0001,2005-02,19,0.01890334613211353,0.10682758769141448,-0.019117655560289548,0.10062068511188113,22.0,26.744863128101176,0.016644020795300772,0.0021000000000000003,-0.02121765556028955,0.015267485101842407
2005-03-31,1180.5899658203125,14.020000457763672,-0.0006941437228814573,-0.024636336049200458,0.10035094595080858,0.0006881996295555623,0.6343912031416046,0.40245219862345255,0.1619677721768509,0.02623355922393228,1.2424705006177478e-08,-0.0001,-0.0006,0.0064,0.0001,2005-03,22,-0.019117655560289548,0.10062068511188113,-0.020108582083263493,0.1508484066878478,21.0,26.339142131057923,0.0169302870533099,0.0021000000000000003,-0.022208582083263494,0.039849058626828124
2005-04-29,1156.8499755859375,15.3100004196167,0.011922469194121543,-0.020108582083263493,0.15084840668784763,0.005263051726224891,0.7204060516782681,0.5189848792946715,0.26934530493650477,0.07254689329133875,2.009528157520499e-06,0.0104,-0.0040999999999999995,-0.0005,0.0001,2005-04,21,-0.020108582083263493,0.1508484066878478,0.02995204663120843,0.10144322789837291,21.0,25.408922569114456,0.017573691276704766,0.0021000000000000003,0.027852046631208428,0.002251597508319353
2005-05-31,1191.5,13.289999961853027,-0.006072865011894635,0.02995204663120865,0.10144322789837268,5.17450070234477e-08,0.35044250668107985,0.12280995048891871,0.015082283939090665,0.0002274752888193522,6.090754932306236e-19,-0.0049,0.0045000000000000005,0.0032,0.0001,2005-05,21,0.02995204663120843,0.10144322789837291,-0.00014271417986821966,0.08061047580066398,22.0,25.650230187182967,0.017565151463715473,0.0021000000000000003,-0.00224271417986822,0.031456771720157595
2005-06-30,1191.3299560546875,12.039999961853027,-0.007100904033514155,-0.009058254657064446,0.07586724531362286,1.2725300796784764e-05,0.4943582128490922,0.24439004261134833,0.05972649292757666,0.0035672539574278647,5.776571352343455e-13,-0.0063,0.0021,0.0025,0.0001,2005-06,22,-0.00014271417986821966,0.08061047580066398,0.035968286903618196,0.08818436091217828,20.0,26.068394871883985,0.017409024745269286,0.0021000000000000003,0.0338682869036182,0.04453275430490741
2005-07-29,1234.1800537109375,11.569999694824219,-0.00767047021589129,0.028611975516551702,0.0912948610564679,3.133616814880416e-08,0.33962751546665454,0.11534684926205266,0.013304895634682698,0.0001770202478497987,1.738259943484144e-19,-0.0066,0.0024,0.0012,0.0001,2005-07,20,0.035968286903618196,0.08818436091217828,-0.011222104598600069,0.08898956243132904,23.0,26.287871091254736,0.01727156695902605,0.0021000000000000003,-0.01332210459860007,0.024405135891774288
2005-08-31,1220.3299560546875,12.600000381469727,0.009864136789539124,-0.019121981123902065,0.08896066645494899,0.00013895311471506257,0.574022965362062,0.329502364763055,0.10857180838444537,0.011787837575868721,2.2759919175339313e-10,0.011200000000000002,0.006999999999999999,-0.0006,0.0001,2005-08,23,-0.011222104598600069,0.08898956243132904,0.006949024316734054,0.09101206090135218,21.0,26.10438141093615,0.01738995483022536,0.0021000000000000003,0.0048490243167340534,0.037039337359748264
2005-09-30,1228.81005859375,11.920000076293945,0.000920439229583403,0.00694902431673361,0.09101206090135192,2.483935586672155e-06,0.4463713074773961,0.1992473441390801,0.039699504146477015,0.0015760506294761458,9.724131514635927e-15,0.002,0.0029,-0.0022,0.0001,2005-09,21,0.006949024316734054,0.09101206090135218,-0.017740779932313377,0.15077586963344916,21.0,25.73012299016447,0.01751337770817019,0.0021000000000000003,-0.01984077993231338,0.028187939861587533
2005-10-31,1207.010009765625,15.319999694824219,0.007176154521957301,-0.01774077993231349,0.15077586963344902,0.0034951615082852313,0.7022095039393592,0.4930981874227609,0.24314582243961225,0.05911989096983545,7.222176907179254e-07,0.0097,0.008100000000000001,0.0005,0.0001,2005-10,21,-0.017740779932313377,0.15077586963344916,0.03518609651909288,0.07793587352421082,21.0,24.876538723647954,0.01822208798952985,0.0021000000000000003,0.03308609651909288,0.002424127314793162
2005-11-30,1249.47998046875,12.0600004196167,-0.006361930308439456,0.035186096519093324,0.07793587352421052,1.986978779158489e-09,0.2858492629917697,0.08170980115293792,0.006676491604452655,4.457554014432679e-05,1.759880066484616e-22,-0.0043,0.0115,-0.0014000000000000002,0.0001,2005-11,21,0.03518609651909288,0.07793587352421082,-0.0009523493171965658,0.07386095041289971,21.0,25.93178330906902,0.017755400567332328,0.0021000000000000003,-0.003052349317196566,0.04266413067195647
2005-12-30,1248.2900390625,12.069999694824219,-0.004886724277406218,-0.0009523493171964548,0.0738609504128994,2.449468799013856e-06,0.4459816546620453,0.19889963629509583,0.0395610653183214,0.0015650778891204923,9.390306753572161e-15,-0.005,-0.0021,0.0024,0.0002,2005-12,21,-0.0009523493171965658,0.07386095041289971,0.025466771341108085,0.11180491392888306,20.0,26.4438031142924,0.017605996497817078,0.004200000000000001,0.021266771341108083,0.04683904653534278
2006-01-31,1280.0799560546875,12.949999809265137,-0.003976054579116317,0.020455597973922046,0.11104921268846221,5.62725037886632e-07,0.4068117750321178,0.1654958203047824,0.027388866538352832,0.0007501500102557034,2.3754210336618947e-16,-0.0021,0.005699999999999999,-0.0003,0.0002,2006-01,20,0.025466771341108085,0.11180491392888306,0.0004531577283557464,0.09528403744344939,19.0,26.46870262668573,0.017522594032099558,0.004200000000000001,-0.003746842271644254,0.01845078540418915
2006-02-28,1280.6600341796875,12.34000015258789,-0.010400860034838644,-0.0023836479865320115,0.09156816219083656,1.1718998558354355e-05,0.49181940073984737,0.2418863229441026,0.0585089932274187,0.003423302288486127,4.701389706095041e-13,-0.011000000000000001,-0.0023,0.0011,0.0002,2006-02,19,0.0004531577283557464,0.09528403744344939,0.01109581040888985,0.07851053456922999,23.0,26.249624763583306,0.017697358973354744,0.004200000000000001,0.0068958104088898495,0.03183183933504234
2006-03-31,1294.8699951171875,11.390000343322754,-0.004137669588781034,0.0044448084797932275,0.07709707258579222,1.0954513762238299e-06,0.4241061488616484,0.17986602550225864,0.03235178712997915,0.0010466381305034849,1.2559801140413791e-15,-0.0023,0.006999999999999999,-0.0003,0.0002,2006-03,23,0.01109581040888985,0.07851053456922999,0.012155652917843929,0.09034571216046566,19.0,26.3278377786677,0.01760786556804304,0.004200000000000001,0.007955652917843928,0.036802930847435314
2006-04-28,1310.6099853515625,11.59000015258789,0.0006795457566091123,0.005925266612169189,0.0877039755280326,1.8616342760042613e-06,0.4383978321328785,0.1921926592188075,0.03693801825759667,0.0013644171927985449,4.728636347884614e-15,0.0005,0.0012,0.004699999999999999,0.0002,2006-04,19,0.012155652917843929,0.09034571216046566,-0.030916916538203165,0.12528996570562237,22.0,26.147280943874538,0.017662824362410436,0.004200000000000001,-0.03511691653820317,0.02819602599784632
2006-05-31,1270.0899658203125,16.440000534057617,0.00811192483568468,-0.026892618823065484,0.12799779744013254,0.003653014755777892,0.704150860189767,0.4958284339059888,0.24584583586966552,0.06044017501445452,8.065449312338007e-07,0.009399999999999999,0.0038,0.0037,0.0002,2006-05,22,-0.030916916538203165,0.12528996570562237,8.659650459597046e-05,0.15875641380818625,22.0,25.650640708757347,0.017999860466197937,0.004200000000000001,-0.00411340349540403,0.03640220790044363
2006-06-30,1270.199951171875,13.079999923706055,-0.002097656442177853,-0.012063381506600135,0.156473559450981,0.0016819860132377927,0.6708321971396976,0.45001583671927403,0.20251425329814832,0.04101202278890658,1.1602616829278511e-07,-0.0002,0.0113,0.0006,0.0002,2006-06,22,8.659650459597046e-05,0.15875641380818625,0.00508587880345357,0.13858300161071985,20.0,24.749582241646387,0.018704565222595497,0.004200000000000001,0.000885878803453569,-0.02567356021392045
2006-07-31,1276.6600341796875,14.949999809265137,-0.0014782484660414985,0.0029775539348393387,0.135326947910995,5.617478935318772e-05,0.5424332971939491,0.2942338819046991,0.08657357726070843,0.00749498427971585,2.36512245497302e-11,-0.0009,0.0027,-0.0015,0.0002,2006-07,20,0.00508587880345357,0.13858300161071985,0.02127419311502665,0.07137821465814005,23.0,24.696786766853318,0.018774201739351234,0.004200000000000001,0.01707419311502665,0.01417305018165635
2006-08-31,1303.8199462890625,12.3100004196167,-0.0011874402153588814,0.02067457699777231,0.07080109863603168,1.9585329449096887e-08,0.3297962249089561,0.10876554996419875,0.011829944859014613,0.0001399475953673263,5.3681816510335296e-20,0.0003,-0.0001,0.0027,0.0002,2006-08,23,0.02127419311502665,0.07137821465814005,0.024566297967782535,0.08046517481838188,20.0,25.05139356201098,0.018552616245192867,0.004200000000000001,0.020366297967782533,0.05229890556013532
2006-09-29,1335.8499755859375,11.979999542236328,-0.0022631074374287463,0.023349686742274,0.07887224982514757,2.0502134958891834e-08,0.3307405490344965,0.10938931077564018,0.01196602131196959,0.00014318566603851041,6.018631032127773e-20,-0.0033,-0.0062,0.0017000000000000001,0.0002,2006-09,20,0.024566297967782535,0.08046517481838188,0.03150800358539563,0.06978459020957693,22.0,25.64415644079741,0.018288888551611093,0.004200000000000001,0.027308003585395625,0.04092774559721571
2006-10-31,1377.93994140625,11.100000381469727,7.175759964006545e-06,0.03501787473937923,0.06933836683391173,5.366818385319503e-10,0.26339486635613996,0.06937685562276882,0.00481314809610251,2.3166394595015217e-05,6.6725563055099e-24,-0.0007000000000000001,-0.0036,-0.0016,0.0002,2006-10,22,0.03150800358539563,0.06978459020957693,0.016466656343095742,0.08530693079048732,21.0,26.538040282101733,0.017867359063503938,0.004200000000000001,0.012266656343095742,0.04166163698078554
2006-11-30,1400.6300048828125,10.90999984741211,0.0008217512433992269,0.016466656343095964,0.08530693079048704,1.4487447037476275e-07,0.37373346840808935,0.13967670540834032,0.01950958203372829,0.0003806237911307736,7.988765133336488e-18,0.001,0.0014000000000000002,0.0015,0.0002,2006-11,21,0.016466656343095742,0.08530693079048732,0.012615782814670462,0.06807917184816932,20.0,26.928020270856507,0.017729577140223524,0.004200000000000001,0.008415782814670461,0.023793067683634053
2006-12-29,1418.300048828125,11.5600004196167,-0.004513087903512458,0.013447901093284198,0.06635849668053417,5.2965373707525127e-08,0.350953439101218,0.12316831641697235,0.015170434168991422,0.00023014207287570243,6.45624648170648e-19,-0.0051,-0.0027,-0.0012,0.0002,2006-12,20,0.012615782814670462,0.06807917184816932,0.01405904302317773,0.07642892548307326,20.0,27.28268978757171,0.01756541138927719,0.004200000000000001,0.00985904302317773,0.04924150751563282
2007-01-31,1438.239990234375,10.420000076293945,0.006592883847806208,0.009482505422662602,0.0766589500438777,2.8169753317102446e-07,0.3895932647601037,0.15178291194643626,0.02303805235893962,0.0005307518564932434,4.211701754754237e-17,0.0064,-0.0039000000000000003,0.0,0.0002,2007-01,20,0.01405904302317773,0.07642892548307326,-0.021846175991943828,0.14262021632129482,19.0,27.207536656807157,0.01761272141706924,0.004200000000000001,-0.02604617599194383,0.027541050719061752
2007-02-28,1406.8199462890625,15.420000076293945,0.005560889616694542,-0.00971410290968533,0.13974096467864974,0.0005096349659126696,0.6225922367697047,0.38762109328590394,0.15025011196015942,0.022575096144040442,5.863380021984206e-09,0.004699999999999999,-0.005,0.0021,0.0002,2007-02,19,-0.021846175991943828,0.14262021632129482,0.009979982939206433,0.13779698091685064,22.0,27.31518141351663,0.017501845699520117,0.004200000000000001,0.005779982939206433,0.014459036084289723
2007-03-30,1420.8599853515625,14.640000343322754,-0.0011739955648866207,0.012607125902225569,0.14075522048834316,8.801779281760086e-06,0.4830984617196422,0.23338412371588463,0.05446814920263134,0.0029667792775601096,2.2984030240469783e-13,-0.0007000000000000001,0.0031,-0.001,0.0002,2007-03,22,0.009979982939206433,0.13779698091685064,0.04329069042676048,0.08057093803075613,20.0,26.22760555465092,0.01811720388073492,0.004200000000000001,0.03909069042676048,0.00564478294488438
2007-04-30,1482.3699951171875,14.220000267028809,-0.007830925989064319,0.04206587178331134,0.07936222293209987,1.4786017719741478e-10,0.24300527517535062,0.059051563763047876,0.0034870871828613093,1.215977702087562e-05,2.658447302198077e-25,-0.009300000000000001,-0.0088,-0.0003,0.0002,2007-04,20,0.04329069042676048,0.08057093803075613,0.0325492287073621,0.08824409771961128,22.0,26.976268314189113,0.017570349721698415,0.004200000000000001,0.028349228707362097,0.06283777973818823
2007-05-31,1530.6199951171875,13.050000190734863,0.00025487322390449485,0.029818976541114095,0.09032170542391696,7.968767305023303e-09,0.31177188343134116,0.09720170729832577,0.009448171901709396,8.926795228425094e-05,5.668626765806232e-21,0.0013,0.0036,-0.0032,0.0002,2007-05,22,0.0325492287073621,0.08824409771961128,-0.017816322547885455,0.13555217264843147,21.0,27.548490451851286,0.01716805414014144,0.004200000000000001,-0.022016322547885457,0.040178296483431686
2007-06-29,1503.3499755859375,16.229999542236328,-0.0015673572021088766,-0.01781632254788501,0.13555217264843128,0.001339501365230483,0.6613539435752668,0.4373890386825571,0.19130917115965143,0.03659919896979281,6.566862175323878e-08,-0.0019,-0.0033,-0.0005,0.0002,2007-06,21,-0.017816322547885455,0.13555217264843147,-0.03198187836198829,0.17315781694262736,21.0,27.418262740410626,0.017283167898348294,0.004200000000000001,-0.036181878361988294,0.026747822773932006
2007-07-31,1455.27001953125,23.520000457763672,-0.012646643428824822,-0.03198187836198829,0.17315781694262722,0.032204752020499286,0.8067611891836246,0.6508636163729761,0.42362344711810856,0.17945682494822893,0.00018612293762546307,-0.011899999999999999,0.0034999999999999996,-0.001,0.0002,2007-07,21,-0.03198187836198829,0.17315781694262736,0.012863572018857239,0.24225965931127072,23.0,27.410088167204346,0.017386615462514222,0.004200000000000001,0.008663572018857238,0.06204218763500949
2007-08-31,1473.989990234375,23.3799991607666,0.011216744478492524,0.0012158939830659854,0.252545139194449,0.0002434340612253796,0.5944958592371442,0.3534253266501104,0.12490946151773721,0.015602373576651073,9.245988762588194e-10,0.011200000000000002,0.0006,-0.0002,0.0002,2007-08,23,0.012863572018857239,0.24225965931127072,0.035794008178600345,0.15874098254439414,19.0,26.14860718931234,0.018362183938073175,0.004200000000000001,0.03159400817860034,-0.018745147586782973
2007-09-28,1526.75,18.0,-0.0030234199663373706,0.04303300391739828,0.15566695108052284,9.230881926095286e-09,0.3146499736698336,0.09900460593042697,0.009801911995439136,9.607747876633361e-05,8.186683291051746e-21,-0.0037,-0.0054,-0.0001,0.0002,2007-09,19,0.035794008178600345,0.15874098254439414,0.01482233822355461,0.1384053455099912,23.0,26.725743047696938,0.018021267500267182,0.004200000000000001,0.010622338223554609,0.024333048919477157
2007-10-31,1549.3800048828125,18.530000686645508,0.011991995609034412,0.0017780593880358797,0.13774669481872726,5.745288755246645e-05,0.5431965354434134,0.2950624761177274,0.08706186481272447,0.007579768304669111,2.501955911602939e-11,0.0123,-0.0002,-0.0014000000000000002,0.0001,2007-10,23,0.01482233822355461,0.1384053455099912,-0.04404341737941575,0.26448943556577625,21.0,27.320648130462036,0.017685722821921726,0.0021000000000000003,-0.04614341737941575,0.047553312047727836
2007-11-30,1481.1400146484375,22.8700008392334,0.0077702175740654855,-0.04404341737941575,0.2644894355657762,0.07893326006515787,0.8532548244094327,0.7280437953779719,0.5300477679883622,0.2809506363494446,0.001750451573780636,0.006999999999999999,-0.0060999999999999995,0.0088,0.0002,2007-11,21,-0.04404341737941575,0.26448943556577625,-0.008628508561298043,0.17634371538820862,20.0,25.7290535794984,0.01877831610165438,0.004200000000000001,-0.012828508561298043,-0.03578942717344222
2007-12-31,1468.3599853515625,22.5,-0.006851588410961562,-0.0009253363760933775,0.1741788339269146,0.00035299699485195023,0.6084651206630246,0.37022980306346903,0.13707010707641507,0.018788214253939894,2.341140728414881e-09,-0.0066,0.0001,0.0040999999999999995,0.0001,2007-12,20,-0.008628508561298043,0.17634371538820862,-0.06116343227776999,0.24221671829371177,21.0,25.955510105240243,0.0187463663282,0.0021000000000000003,-0.06326343227777,0.0508211660730854
2008-01-31,1378.550048828125,26.200000762939453,0.016772253672436177,-0.06116343227776988,0.2422167182937117,0.441296363215663,0.9501576006380649,0.9027994660502844,0.8150468759006786,0.6643014099154562,0.12936770415890292,0.0166,0.0083,0.005,0.0001,2008-01,21,-0.06116343227776999,0.24221671829371177,-0.03476119273728817,0.20500448337516483,20.0,24.02231776083683,0.020250079781832953,0.0021000000000000003,-0.03686119273728817,0.019783289335682824
2008-02-29,1330.6300048828125,26.540000915527344,-0.027089704735838493,-0.01857196260739824,0.20979666620647194,0.010105346164746912,0.7503855281459166,0.5630784408508261,0.3170573305509974,0.1005253508561244,1.0265449900752052e-05,-0.0264,0.0011,-0.0019,0.0001,2008-02,20,-0.03476119273728817,0.20500448337516483,-0.005959623397817193,0.28991751842480923,20.0,23.495263401811794,0.020747377977222908,0.0021000000000000003,-0.008059623397817194,0.05560334294880151
2008-03-31,1322.699951171875,25.610000610351562,0.0056872467232620405,-0.03288788369547224,0.29759647419391533,0.007289874329873985,0.735224554033293,0.5405551448534546,0.2921998646275393,0.08538076088835227,4.537327255431007e-06,0.005699999999999999,0.0005,0.0043,0.0001,2008-03,20,-0.005959623397817193,0.28991751842480923,0.047546697641228874,0.18328693232619792,22.0,22.60681084224935,0.021489209834920347,0.0021000000000000003,0.04544669764122888,-0.041496468090399696
2008-04-30,1385.5899658203125,20.790000915527344,-0.0038463023648085404,0.011246632928015199,0.14235559689858013,1.2099274293624154e-05,0.49280199539163383,0.2428538066619759,0.058977971410212375,0.003478401111663828,5.092116205822787e-13,-0.003,-0.0009,0.0,0.0001,2008-04,22,0.047546697641228874,0.18328693232619792,0.010674181704068975,0.14350506590465759,21.0,23.356040643201617,0.020749572531078148,0.0021000000000000003,0.008574181704068973,0.0655444122566933
2008-05-30,1400.3800048828125,17.829999923706055,0.0015161665944682934,0.01067418170406853,0.14350506590465742,0.017404414474139825,0.7763207842357067,0.6026739600363428,0.3632159021058872,0.13192579154259346,3.996212214658116e-05,0.0029,0.0023,0.0,0.0001,2008-05,21,0.010674181704068975,0.14350506590465759,-0.08596238482631469,0.1962029119833046,21.0,23.696432116623193,0.020362689623390013,0.0021000000000000003,-0.08806238482631469,0.03479493333240313
2008-06-30,1280.0,23.950000762939453,0.0012672250121246176,-0.08596238482631446,0.19620291198330447,0.907187948432528,0.9939306415196748,0.9878981201517124,0.9759426957992872,0.95246414548398,0.783868442119412,-0.0006,-0.0123,0.0023,0.0001,2008-06,21,-0.08596238482631469,0.1962029119833046,-0.009859371185302668,0.23142587722674607,22.0,22.41681280228195,0.021405405405405406,0.0021000000000000003,-0.011959371185302669,0.04329709564609005
2008-07-31,1267.3800048828125,22.940000534057617,-0.013143759639368535,-0.013643001323486836,0.23665304809248186,0.10411465138304062,0.8681494422767532,0.7536834541254375,0.5680387490224504,0.32266802039099046,0.00349767637163917,-0.011699999999999999,0.005600000000000001,0.004,0.0001,2008-07,22,-0.009859371185302668,0.23142587722674607,0.012190464669120882,0.20815396114555912,21.0,20.907206462661584,0.02287121651966204,0.0021000000000000003,0.01009046466912088,-0.007253042751905692
2008-08-29,1282.8299560546875,20.649999618530273,-0.013723665251360151,0.012190464669121548,0.20815396114555895,0.016927056107310715,0.7749725853415327,0.6005825080309392,0.3606993489527331,0.13010402033492552,3.727808415003487e-05,-0.0125,0.0019,0.0062,0.0001,2008-08,21,0.012190464669120882,0.20815396114555912,-0.09079143354379215,0.5438703744875282,21.0,21.401617360047936,0.022476790977028985,0.0021000000000000003,-0.09289143354379216,-0.0016539649602562156
2008-09-30,1166.3599853515625,39.38999938964844,0.0541746705821724,-0.09079143354379215,0.5438703744875282,1.6772859902538125e-08,0.32661636789371495,0.10667825177608255,0.011380249402001257,0.00012951007645174999,3.643491819204154e-20,0.048799999999999996,-0.0375,0.0298,0.0001,2008-09,21,-0.09079143354379215,0.5438703744875282,-0.16942452401777064,0.8081589521840599,23.0,20.36273394609752,0.023706808003615597,0.0021000000000000003,-0.17152452401777063,-0.14997038059104378
2008-10-31,968.75,59.88999938964844,0.01536539816147986,-0.13060453877891565,0.838849705935243,9.87104846345778e-31,0.013324401333834784,0.00017753967090509818,3.152033474509057e-08,9.935315024425637e-16,9.680732290476854e-76,0.018799999999999997,0.0213,0.020099999999999996,0.0,2008-10,23,-0.16942452401777064,0.8081589521840599,-0.07484904233870926,0.7106172680797709,19.0,16.387356548789835,0.029620836774015964,0.0,-0.07484904233870926,-0.2399497120387586
2008-11-28,896.239990234375,55.279998779296875,0.009643111965147444,-0.03639436575353572,0.6841028744363563,4.3031207025950566e-17,0.09486619254368016,0.008999594487734597,8.099270094366296e-05,6.5598176061496224e-09,1.2146714408486706e-41,0.0106,-0.0058,0.0174,0.0,2008-11,19,-0.07484904233870926,0.7106172680797709,0.007821576633499694,0.4908197370538745,22.0,15.259659405704584,0.03232394153530229,0.0,0.007821576633499694,-0.13130288664338752
2008-12-31,903.25,40.0,0.01415834135471683,0.10663919295793667,0.3817836146195099,3.0474755121422175e-14,0.1429704433871969,0.02044054768233167,0.00041781598955367455,1.7457020112671628e-07,1.6212521363702079e-34,0.017,0.0159,0.0075,0.0,2008-12,22,0.007821576633499694,0.4908197370538745,-0.08565734305805472,0.392618223760559,20.0,15.376080747423769,0.03235106431469074,0.0,-0.08565734305805472,0.01821638538049014
2009-01-30,825.8800048828125,44.84000015258789,-0.022789134855526583,-0.07271176760589149,0.38791147490207206,0.08868825674776926,0.8594915917241981,0.7387257962445957,0.5457158020372119,0.2978057365931175,0.002342422852126886,-0.0216,0.002,-0.011899999999999999,0.0,2009-01,20,-0.08565734305805472,0.392618223760559,-0.10993119762019954,0.36098631805693904,19.0,15.174651936879677,0.0323636559686376,0.0,-0.10993119762019954,0.060488526623806826
2009-02-27,735.0900268554688,46.349998474121094,-0.023564403426620917,-0.1590225213986839,0.35927571676667347,0.6406807775999634,0.9725570936778362,0.9458673004630794,0.8946649500853133,0.8004253729111562,0.32855209063839463,-0.020099999999999996,0.0184,-0.0204,0.0,2009-02,19,-0.10993119762019954,0.36098631805693904,0.08540446199532203,0.48965045422228687,22.0,14.122181801918902,0.03432145680944161,0.0,0.08540446199532203,0.10422426797453749
2009-03-31,797.8699951171875,44.13999938964844,0.013129614663131228,0.13848061810266032,0.46656137100114964,1.314389217749315e-21,0.04953592181955157,0.0024538075505127254,6.02117149495326e-06,3.6254506171637684e-11,6.2633974268226965e-53,0.013000000000000001,-0.0062,0.018000000000000002,0.0,2009-03,22,0.08540446199532203,0.48965045422228687,0.09392507914826331,0.29982117838879613,21.0,13.323667656863933,0.0360043849801223,0.0,0.09392507914826331,-0.02516137710466526
2009-04-30,872.8099975585938,36.5,-0.0009500676204463598,0.09392507914826331,0.29982117838879635,8.322110420357873e-10,0.2707164161993474,0.07328737799981827,0.005371039774088246,2.884806825483792e-05,1.997945717450184e-23,-0.0005,-0.0029,-0.0066,0.0,2009-04,21,0.09392507914826331,0.29982117838879613,0.05308144638516654,0.2874648698344202,20.0,14.981866453039256,0.03148421073316434,0.0,0.05308144638516654,0.06517882161120364
2009-05-29,919.1400146484375,28.920000076293945,0.013574757481119137,0.052080947801263155,0.28047824574689983,1.813039167979066e-05,0.5054177024181246,0.2554470539176159,0.06525319735518938,0.004257979765075294,1.3996452228414351e-12,0.0138,0.0055000000000000005,-0.0018,0.0,2009-05,20,0.05308144638516654,0.2874648698344202,0.00019582726560951613,0.2041280552616531,22.0,15.996355755263155,0.028974265208349496,0.0,0.00019582726560951613,0.008721755016039612
2009-06-30,919.3200073242188,26.350000381469727,-0.008530756458643096,-0.024976919315416124,0.18711811174263673,0.6236634674916354,0.9709221167885991,0.942689756869254,0.8886639777062132,0.789723665272629,0.30716785325654683,-0.0074,0.0024,-0.002,0.0,2009-06,22,0.00019582726560951613,0.2041280552616531,0.07414172714778444,0.20570357271628534,22.0,16.384182816215347,0.027631408456787458,0.0,0.07414172714778444,0.07638189207206056
2009-07-31,987.47998046875,25.920000076293945,0.0007397825880415265,0.06947674416683047,0.21075050075958118,3.497893741379092e-06,0.45602422429509626,0.20795809314394426,0.04324656850406539,0.001870265687376821,2.288318812488123e-14,0.0005,-0.0024,0.0123,0.0,2009-07,22,0.07414172714778444,0.20570357271628534,0.033560188868544394,0.16352900004775148,21.0,16.694620816995617,0.026743034629166572,0.0,0.033560188868544394,0.04844950000335829
2009-08-31,1020.6199951171875,26.010000228881836,-0.008076407685613796,0.03356018886854417,0.16352900004775195,0.0026099624445928096,0.6895085266331423,0.4754220082998067,0.22602608597582147,0.05108779154154943,3.480051296211554e-07,-0.0086,-0.0046,-0.0063,0.0,2009-08,21,0.033560188868544394,0.16352900004775148,0.03572334572311986,0.152706008553266,21.0,18.094069801576087,0.02422759879703815,0.0,0.03572334572311986,0.0965710022410664
2009-09-30,1057.0799560546875,25.610000610351562,-0.003328301020761093,0.03572334572311964,0.15270600855326646,0.0017231348201799932,0.6718463369755183,0.4513775005074217,0.2037416479643275,0.04151065911521995,1.2325318373022803e-07,-0.004,-0.005699999999999999,-0.0062,0.0,2009-09,21,0.03572334572311986,0.152706008553266,-0.019762000526814205,0.21586780792317958,22.0,18.831902264840085,0.02288066631563831,0.0,-0.019762000526814205,0.10339399755024917
2009-10-30,1036.18994140625,30.690000534057617,-0.02806468784310845,0.006156203302044361,0.20178580650659397,0.06751258579690268,0.84496077092824,0.7139587044076456,0.509737031599444,0.2598318413838125,0.0011843003442188612,-0.0275,-0.0005,-0.019299999999999998,0.0,2009-10,22,-0.019762000526814205,0.21586780792317958,0.057364061453727855,0.15622487679176925,20.0,19.358008443486842,0.021920211802758677,0.0,0.057364061453727855,0.10511419883398218
2009-11-30,1095.6300048828125,24.510000228881836,0.003792993692547375,0.02768946913250736,0.18613478236799616,0.00596457401508661,0.7260620115091764,0.5271660445567513,0.27790403853361073,0.0772306546332906,2.7475688272307833e-06,0.0025,-0.0037,0.0074,0.0,2009-11,20,0.057364061453727855,0.15622487679176925,0.017770570919338313,0.10499017179928852,22.0,19.812761079966062,0.02105256708361288,0.0,0.017770570919338313,0.05896521992082221
2009-12-31,1115.0999755859375,21.68000030517578,-0.010049597767921581,0.005627392382092866,0.09951112688327832,0.022481378335313284,0.7888400163021919,0.6222685713196424,0.3872181748521889,0.1499379149358603,7.578047721880032e-05,-0.0101,-0.0021,0.0039000000000000003,0.0,2009-12,22,0.017770570919338313,0.10499017179928852,-0.03697424569226182,0.16399021980098774,19.0,20.322376500216546,0.02018227994020065,0.0,-0.03697424569226182,0.1172888761684795
2010-01-29,1073.8699951171875,24.6200008392334,-0.009829173828039273,-0.04646595482466076,0.15833363514741694,0.9174295463046759,0.994628261491402,0.9892853785574088,0.9786855602274758,0.9578254257977682,0.8061796045046263,-0.0097,-0.0005,-0.0042,0.0,2010-01,19,-0.03697424569226182,0.16399021980098774,0.028513689046546498,0.1805340581607841,19.0,20.527859801454422,0.019793873155449546,0.0,0.028513689046546498,0.08786637324491706
2010-02-26,1104.489990234375,19.5,0.0014053791778985136,0.006369011603075236,0.1812310948244907,0.07166620867882433,0.8481197015791477,0.7193070282067026,0.5174026008275581,0.26770545134312135,0.0013749473697005467,0.0012,-0.005600000000000001,0.004,0.0,2010-02,19,0.028513689046546498,0.1805340581607841,0.05879642554549758,0.07491184566866213,23.0,19.920539306600453,0.020263322193249843,0.0,0.05879642554549758,0.0137689051755093
2010-03-31,1169.4300537109375,17.59000015258789,-0.00327287474868454,0.04571182627246495,0.07348099620880313,4.232884190825145e-05,0.5329233805815511,0.28400732957046876,0.08066016324974884,0.006506061935476134,1.1657111929256844e-11,-0.0036,-0.0051,0.002,0.0,2010-03,23,0.05879642554549758,0.07491184566866213,0.014759230482012775,0.14985747098867616,21.0,21.00460120971537,0.01900959159758691,0.0,0.014759230482012775,0.10241900531707576
2010-04-30,1186.68994140625,22.049999237060547,-0.016647680109796337,0.014759230482012997,0.14985747098867652,0.024916840615346738,0.7939274371535404,0.6303207754651888,0.39730427998303697,0.15785069089283943,9.800143510574744e-05,-0.0172,-0.0097,-0.0086,0.0,2010-04,21,0.014759230482012775,0.14985747098867616,-0.08197584207319075,0.321117417485856,20.0,21.804845599625168,0.01832982549917037,0.0,-0.08197584207319075,0.07064252138192895
2010-05-28,1089.4100341796875,32.06999969482422,-0.01237468831159061,-0.09725881458742125,0.3160028351787405,0.9203009688771857,0.994822541832256,0.9896718897375908,0.9794504493367739,0.9593231827060085,0.8125024853549617,-0.0118,0.0011,-0.0069,0.0,2010-05,20,-0.08197584207319075,0.321117417485856,-0.053882442239838624,0.25611136660206396,22.0,20.480068638423415,0.01954858703832092,0.0,-0.053882442239838624,0.00469716176950169
2010-06-30,1030.7099609375,34.540000915527344,-0.0101129704925228,-0.037358389722064844,0.2568871574690149,0.2803083085804787,0.9235858023290852,0.85301073426386,0.7276273127693695,0.5294415062879739,0.041599673979785916,-0.0098,0.0004,-0.0033,0.0,2010-06,22,-0.053882442239838624,0.25611136660206396,0.06877784957463495,0.19850774834680307,21.0,19.74203985373946,0.02034411460640969,0.0,0.06877784957463495,0.0885128516862585
2010-07-30,1101.5999755859375,23.5,6.349921218862242e-05,0.06877784957463517,0.1985077483468033,4.641220650713863e-06,0.4641565821325931,0.21544133273701063,0.04641496785149934,0.0021543492406557166,4.6406684311245637e-14,0.0006,0.0004,-0.0022,0.0,2010-07,21,0.06877784957463495,0.19850774834680307,-0.04744918363260464,0.17674085833119543,22.0,19.668660470717715,0.020506883990862507,0.0,-0.04744918363260464,0.036492251653196695
2010-08-31,1049.3299560546875,26.049999237060547,0.000390794428747121,-0.06797473068818383,0.158390792579063,0.6297005076501802,0.9715068737101042,0.9438256056659805,0.8908067739107549,0.7935367084452868,0.31465534146015356,0.0001,-0.0025,0.0078000000000000005,0.0,2010-08,22,-0.04744918363260464,0.17674085833119543,0.08755110305113512,0.15844588856668507,21.0,19.77029917435858,0.020460844186103548,0.0,0.08755110305113512,0.10210919979154245
2010-09-30,1141.199951171875,23.700000762939453,-0.003083722237648967,0.08755110305113556,0.15844588856668534,6.606319685929312e-08,0.3558340257828477,0.12661785390482833,0.01603208092746445,0.00025702761886476933,1.1217574549537295e-18,-0.0026,0.0003,0.0033,0.0,2010-09,21,0.08755110305113512,0.15844588856668507,0.03685599403554063,0.11313418967260998,21.0,20.381395233204035,0.019918365891915018,0.0,0.03685599403554063,0.07855411906270918
2010-10-29,1183.260009765625,21.200000762939453,-0.0004392872986367369,0.03685599403554063,0.11313418967261041,0.0006828617991956845,0.6340825494025762,0.4020606794568706,0.16165278996532043,0.026131624503571996,1.218518269400437e-08,0.0007000000000000001,0.0034999999999999996,-0.0013,0.0,2010-10,21,0.03685599403554063,0.11313418967260998,-0.002290249746576767,0.147976319961937,21.0,21.24012765175943,0.019184918372340487,0.0,-0.002290249746576767,0.09886581795678412
2010-11-30,1180.550048828125,23.540000915527344,-0.006070216944686235,-0.002290249746576656,0.14797631996193733,0.12943175246556324,0.880040282889526,0.774470899508277,0.5998051741851596,0.35976624697928966,0.006027012310830573,-0.006,-0.0022,0.0005,0.0,2010-11,21,-0.002290249746576767,0.147976319961937,0.06530004034715531,0.0881732577079768,22.0,21.700723827760623,0.01885355064545816,0.0,0.06530004034715531,0.0874236891933361
2010-12-31,1257.6400146484375,17.75,-0.0001907894500615681,0.04275877076453982,0.05946435109576593,3.588184609968425e-05,0.5274480289106857,0.2782014232017675,0.07739603187148895,0.0059901457494525336,7.712353861756166e-12,-0.001,-0.0063,0.0022,0.0,2010-12,22,0.06530004034715531,0.0881732577079768,0.022645574359138942,0.10537394761666077,20.0,22.396379773044217,0.018308055383277087,0.0,0.022645574359138942,0.11803564890423407
2011-01-31,1286.1199951171875,19.530000686645508,0.007662558220206783,0.02245046437239928,0.10280942790818999,0.003672631899382053,0.7043866034352714,0.49616048709907823,0.24617522895839458,0.060602243352718,8.174166979889001e-07,0.0072,0.0002,-0.0029,0.0,2011-01,20,0.022645574359138942,0.10537394761666077,0.031956563728093634,0.1190100981405661,19.0,22.97829943055499,0.01790345802601966,0.0,0.031956563728093634,0.09249057895826508
2011-02-28,1327.219970703125,18.350000381469727,0.005561085699577806,0.02129979131739068,0.1337765161633062,0.008906242052663845,0.7444849210442648,0.5542577976622852,0.3072017062694467,0.09437288833485942,7.485765795670618e-06,0.0042,-0.0046,0.0028000000000000004,0.0,2011-02,19,0.031956563728093634,0.1190100981405661,-0.0010473129391666003,0.16396619769290544,23.0,23.48982870329854,0.017558334342578016,0.0,-0.0010473129391666003,0.04972348765139106
2011-03-31,1325.8299560546875,17.739999771118164,-0.0018295015230987977,0.013290647967951541,0.16216401309105793,0.03237239046339409,0.8070230202926721,0.6512861552823067,0.424173656062409,0.1799232904973508,0.0001885545101914407,-0.0011,0.0059,-0.0028000000000000004,0.0,2011-03,23,-0.0010473129391666003,0.16396619769290544,0.028495380666535786,0.0889212573906876,20.0,22.899336430143645,0.017961042246395144,0.0,0.028495380666535786,0.01523598462012371
2011-04-29,1363.6099853515625,14.75,0.002300662213150728,0.026613746801106508,0.08739798759489796,0.0012129034078308028,0.6572629299992422,0.4319945591511888,0.18661929913622996,0.03482676281009768,5.1234858448100906e-08,0.0029,0.0019,-0.0003,0.0,2011-04,20,0.028495380666535786,0.0889212573906876,-0.013500952895223017,0.10801685053489826,21.0,23.143929447285956,0.017824374832583558,0.0,-0.013500952895223017,0.06010201240510203
2011-05-31,1345.199951171875,15.449999809265137,0.010592724697279676,-0.01350095289522324,0.10801685053489873,0.12493560484053624,0.8780977998223505,0.7710557460528528,0.5945269635211213,0.3534623103536447,0.005517159749530875,0.0104,0.0044,-0.0004,0.0,2011-05,21,-0.013500952895223017,0.10801685053489826,-0.018257461652479656,0.16545142358616424,22.0,23.059491506095355,0.017960462573444618,0.0,-0.018257461652479656,0.046483147557752624
2011-06-30,1320.6400146484375,16.520000457763672,0.01011922818616795,0.0046327378906123595,0.14951384800873518,0.06913632832070245,0.846216802538565,0.7160828768985926,0.512774686587365,0.2629378792047704,0.0012567988610763755,0.009899999999999999,0.0019,-0.0028000000000000004,0.0,2011-06,22,-0.018257461652479656,0.16545142358616424,-0.02147442530666699,0.15490242794649414,20.0,22.100831286611005,0.018907938382182726,0.0,-0.02147442530666699,0.015686156568901544
2011-07-29,1292.280029296875,25.25,-0.006450532698506817,-0.011572501730343188,0.15585007856171298,0.27318860549596397,0.9221018881908486,0.8502718922051283,0.7229622906740893,0.5226744737367265,0.03900824873169553,-0.005699999999999999,0.0027,0.0007000000000000001,0.0,2011-07,20,-0.02147442530666699,0.15490242794649414,-0.056791107952329334,0.467973039921605,23.0,22.610981701156636,0.01857846799326889,0.0,-0.056791107952329334,0.09664992143828702
2011-08-31,1218.8900146484375,31.6200008392334,0.004921982065451136,-0.028037185766663475,0.4832571493662128,8.687144262906976e-06,0.48270279619823053,0.2330019894575905,0.054289927091195116,0.0029473961835672813,2.22429601712563e-13,0.0042,-0.008100000000000001,0.0048,0.0,2011-08,23,-0.056791107952329334,0.467973039921605,-0.07176198808089651,0.2900285497668009,21.0,20.049852721660507,0.02100716268317993,0.0,-0.07176198808089651,-0.1670571409738788
2011-09-30,1131.4200439453125,42.959999084472656,-0.024974129488995245,-0.07176198808089651,0.2900285497668012,0.5524948358231493,0.9635971657736548,0.9285194978870204,0.8621484579563644,0.743299963556537,0.22689271794185426,-0.025,-0.0007000000000000001,-0.0021,0.0,2011-09,21,-0.07176198808089651,0.2900285497668009,0.10772303843744124,0.2941276475894499,21.0,19.69811456887772,0.021450233413977577,0.0,0.10772303843744124,0.13957144107792535
2011-10-31,1253.300048828125,29.959999084472656,-0.02473750308360323,0.10772303843744147,0.2941276475894502,2.7410534684035256e-11,0.21871060613941062,0.04783432923786841,0.002288123053636792,5.235507108584158e-06,3.933632359715764e-27,-0.025,0.0007000000000000001,-0.0087,0.0,2011-10,21,0.10772303843744124,0.2941276475894499,-0.005058715107011502,0.31106256760177353,21.0,20.155824786688765,0.021202984266883138,0.0,-0.005058715107011502,0.005472343255276346
2011-11-30,1246.9599609375,27.799999237060547,0.0433153072475978,-0.005058715107011391,0.3110625676017738,0.006555541191943769,0.7303617733136407,0.5334283199178459,0.28454577249037577,0.08096629664214468,3.479536340001995e-06,0.0444,0.0106,0.0113,0.0,2011-11,21,-0.005058715107011502,0.31106256760177353,0.008532763666635912,0.1864648471856997,21.0,20.345246797645828,0.02121078695172399,0.0,0.008532763666635912,-0.033062575231168345
2011-12-30,1257.5999755859375,23.399999618530273,-0.0042913365279230176,0.008532763666636134,0.1864648471857001,0.05835327533316189,0.8372961173993806,0.7010647882120773,0.4914918372708448,0.24156422610387054,0.0008225514918298901,-0.0040999999999999995,-0.0006,-0.002,0.0,2011-12,21,0.008532763666635912,0.1864648471856997,0.04358306270498513,0.08587242077754738,20.0,20.523575499431697,0.021257600617700996,0.0,0.04358306270498513,0.04753514899960262
2012-01-31,1312.4100341796875,19.440000534057617,-0.0004569466961219515,0.03910469658807769,0.08662055648140105,0.00021452000903215122,0.5898162558444664,0.347883215658385,0.12102273173681839,0.01464650159704191,6.740149297050535e-10,-0.0005,-0.0004,0.0003,0.0,2012-01,20,0.04358306270498513,0.08587242077754738,0.040589463768117895,0.08488805803637184,20.0,21.213008091803452,0.020557494861267026,0.0,0.040589463768117895,0.10777944885917512
2012-02-29,1365.6800537109375,18.43000030517578,-0.0047369876733168725,0.040113969850629205,0.08317698117411167,0.0001593672353426376,0.5789618400872872,0.33519681227725756,0.11235690296083505,0.012624073642950503,3.206251581837877e-10,-0.0055000000000000005,-0.0102,0.0015,0.0,2012-02,20,0.040589463768117895,0.08488805803637184,0.031332314531441474,0.11543173219006081,22.0,21.79743596371754,0.01999521869539393,0.0,0.031332314531441474,0.10112302187764614
2012-03-30,1408.469970703125,15.5,0.0036984360198231148,0.02502019935957267,0.11702753794323252,0.0039955138061952096,0.7081060251366086,0.5014141428347674,0.25141614263472445,0.06321007677732411,1.0090939193603637e-06,0.0028000000000000004,-0.0069,-0.0004,0.0,2012-03,22,0.031332314531441474,0.11543173219006081,-0.007497452372496438,0.146821493372669,20.0,22.05394397290471,0.019687023120555123,0.0,-0.007497452372496438,0.03797246205676748
2012-04-30,1397.9100341796875,17.149999618530273,-0.0038835019016946193,-0.003826745200584236,0.1437845729735103,0.1381577243013853,0.8836360959202492,0.7808127500131797,0.6096685505831444,0.37169574157015206,0.007094763573642406,-0.0048,-0.005699999999999999,0.0,0.0,2012-04,20,-0.007497452372496438,0.146821493372669,-0.06265072571454355,0.1253896356073074,22.0,21.7792469068249,0.01996013742730129,0.0,-0.06265072571454355,0.027715423211792434
2012-05-31,1310.3299560546875,24.059999465942383,-0.0022766655169013106,-0.06792476553376525,0.12466080295216798,0.38010200671479755,0.9413340323343113,0.8861097604307744,0.7851905075306844,0.6165241331162938,0.08907388733422801,-0.0023,0.0015,0.0054,0.0,2012-05,22,-0.06265072571454355,0.1253896356073074,0.039554982228336755,0.205728746174886,21.0,20.941467419743475,0.020873251967662487,0.0,0.039554982228336755,0.11593919170725585
2012-06-29,1362.1600341796875,17.079999923706055,0.02492023877666627,0.03955498222833631,0.2057287461748864,0.0008943657780662289,0.6448663245522959,0.415852576541587,0.17293336541627646,0.02990594887419941,2.3921473780628514e-08,0.0255,0.0034999999999999996,-0.0062,0.0,2012-06,21,0.039554982228336755,0.205728746174886,0.012597574204788131,0.13949826086581157,21.0,20.54750408685609,0.021398132196935354,0.0,0.012597574204788131,-0.034928746937825855
2012-07-31,1379.3199462890625,18.93000030517578,-0.0043168283608459035,0.012597574204787909,0.1394982608658121,0.02730317306376707,0.7984786717075455,0.6375681891718462,0.4064931958438671,0.16523671826736053,0.00012317790256388694,-0.004699999999999999,-0.0005,0.0018,0.0,2012-07,21,0.012597574204788131,0.13949826086581157,0.019763369506086148,0.09024582917603235,23.0,20.999341293380564,0.021138223340050107,0.0,0.019763369506086148,0.04980174218594571
2012-08-31,1406.5799560546875,17.469999313354492,0.0050732955705157234,0.030461506267170257,0.08836749660138263,0.000753653861907414,0.638003770820363,0.40704881158100226,0.1656887350095063,0.02745275690905039,1.5593005149135464e-08,0.0052,-0.001,-0.0002,0.0,2012-08,23,0.019763369506086148,0.09024582917603235,0.024236153617775313,0.11909621521331677,19.0,21.410428453442933,0.02078212025128552,0.0,0.024236153617775313,0.0863324965321623
2012-09-28,1440.6700439453125,15.729999542236328,-0.004477753072888002,0.021396857772753464,0.11819937429056396,0.006203363950421183,0.7278455043629113,0.5297590782213007,0.2806446809578822,0.07876143694995148,3.0308759022889595e-06,-0.0046,-0.003,-0.0022,0.0,2012-09,19,0.024236153617775313,0.11909621521331677,-0.01978940971629428,0.10692541636725485,21.0,21.78369030172768,0.02049992379210486,0.0,-0.01978940971629428,0.039100621131799324
2012-10-31,1412.1600341796875,18.600000381469727,0.00015587969925845435,-0.01978940971629395,0.10692541636725549,0.1732748652795556,0.8962330870493327,0.8032337463219767,0.6451844512304377,0.41626297610952095,0.012497954079830205,0.0013,0.0048,0.0036,0.0,2012-10,21,-0.01978940971629428,0.10692541636725485,0.0028467166850427716,0.15480552554469712,21.0,21.577109654528783,0.020964608458175108,0.0,0.0028467166850427716,0.0790745874474418
2012-11-30,1416.1800537109375,15.869999885559082,0.00016250753698754394,0.0028467166850427716,0.15480552554469756,0.08689361691655233,0.8583941360770426,0.7368404928514524,0.5429339119055713,0.29477723269708656,0.0022257156902801014,0.0002,-0.0016,0.0028000000000000004,0.0,2012-11,21,0.0028467166850427716,0.15480552554469712,0.00706823095628395,0.11704182095665545,20.0,20.898162059573693,0.02201251096561994,0.0,0.00706823095628395,0.003894473310893265
2012-12-31,1426.18994140625,18.020000457763672,0.016941941334216226,0.007231887134075743,0.11408069759890205,0.027152370642199518,0.7982023178732695,0.6371269402582599,0.40593073800285223,0.16477976405554026,0.00012148408397480583,0.0171,0.0038,-0.0011,0.0,2012-12,20,0.00706823095628395,0.11704182095665545,0.05042809646686841,0.0997342487433517,21.0,21.23826113984561,0.021971609165500706,0.0,0.05042809646686841,0.06611930697873467
2013-01-31,1498.1099853515625,14.279999732971191,-0.0025633010773032927,0.050428096466868855,0.09973424874335235,4.1488772059866044e-05,0.5322561170256846,0.2832965741112593,0.08025694890317625,0.006441177847247043,1.1087316703220199e-11,-0.0007000000000000001,0.0069,0.0016,0.0,2013-01,21,0.05042809646686841,0.0997342487433517,0.011060648765041314,0.13152519246313382,19.0,21.90047541382181,0.021302801044762676,0.0,0.011060648765041314,0.04306574858635956
2013-02-28,1514.6800537109375,15.510000228881836,-0.0008640799292052304,0.004536348714502925,0.12616257898933614,0.04665496642606487,0.8256692631166644,0.6817297320556156,0.4647554275686214,0.21599760745449212,0.00047015894489887044,-0.0006,0.001,-0.0013,0.0,2013-02,19,0.011060648765041314,0.13152519246313382,0.0359877239828732,0.07473919770674921,20.0,22.052724336861942,0.02104286378674566,0.0,0.0359877239828732,0.028937423299482234
2013-03-28,1569.18994140625,12.699999809265137,0.00405666949441863,0.03509254778367654,0.07342026053968571,0.0001901499193082412,0.5853875870041744,0.3426786270185698,0.1174286414153321,0.013789485824650649,4.985863260664167e-10,0.0039000000000000003,-0.0027,-0.0029,0.0,2013-03,20,0.0359877239828732,0.07473919770674921,0.018085767779889794,0.1414241705316239,22.0,22.41920711460257,0.020705041816317715,0.0,0.018085767779889794,0.05357973755296565
2013-04-30,1597.5699462890625,13.520000457763672,0.002484899676771457,0.02266072280732412,0.14361860011186547,0.008103530858957738,0.7401029633981804,0.5477523964307683,0.30003268779564957,0.09001961374588173,5.911337094403654e-06,0.0029,0.0037,-0.0001,0.0,2013-04,22,0.018085767779889794,0.1414241705316239,0.02076281168305738,0.1092923635728114,22.0,22.59565539610559,0.020689289276543368,0.0,0.02076281168305738,-0.008418595534228746
2013-05-31,1630.739990234375,16.299999237060547,-0.014307241527974024,0.030353219526499498,0.10559903931489488,0.0012056324889495088,0.6570159819374605,0.4316700005212454,0.186338989350012,0.03472221895198389,5.047047088580252e-08,-0.0132,0.0051,-0.0025,0.0,2013-05,22,0.02076281168305738,0.1092923635728114,-0.014999301595580938,0.1722836545432078,20.0,23.411841781842398,0.020052769375874073,0.0,-0.014999301595580938,0.057400953055710593
2013-06-28,1606.280029296875,16.860000610351562,-0.004289562412875814,-0.029091944492876,0.1744125147318231,0.7261799348971363,0.9802012799859589,0.9607945492861122,0.9231261659379034,0.8521619182392136,0.44937676329256115,-0.0034000000000000002,0.0031,-0.0012,0.0,2013-06,20,-0.014999301595580938,0.1722836545432078,0.04946207991308493,0.06884978641347218,22.0,22.925333173915323,0.0205526418206416,0.0,0.04946207991308493,-0.005812508628307456
2013-07-31,1685.72998046875,13.449999809265137,-0.00013640921141577778,0.04382153195313099,0.0695867236997025,3.6759097299539565e-05,0.5282448873043402,0.27904266096317504,0.07786480663740945,0.0060629281126811626,8.192417837031006e-12,0.001,0.0013,0.0015,0.0,2013-07,22,0.04946207991308493,0.06884978641347218,-0.031298019479344075,0.104259248913524,22.0,23.49246017715964,0.020163642320077346,0.0,-0.031298019479344075,0.06491327439294887
2013-08-30,1632.969970703125,17.010000228881836,-0.0031743183568806455,-0.043295637409683785,0.09401851147297705,0.221977052613906,0.9102155591678401,0.8284923641512237,0.6863995974568841,0.4711444073889724,0.023215080901370193,-0.004699999999999999,-0.0115,-0.0019,0.0,2013-08,22,-0.031298019479344075,0.104259248913524,0.029749523259194888,0.08758181362247651,20.0,23.356649094916097,0.020372155592413184,0.0,0.029749523259194888,0.07608149081584131
2013-09-30,1681.550048828125,16.600000381469727,-0.0060292307798877065,0.02648077044452446,0.08687428033854251,0.0010528534995409738,0.6514753630333902,0.42442014863948757,0.1801324625711647,0.03244770407195205,3.596829591166502e-08,-0.0049,0.0052,0.0001,0.0,2013-09,20,0.029749523259194888,0.08758181362247651,0.044595752761944496,0.12448484117217717,23.0,23.442287167960608,0.020389172401121404,0.0,0.044595752761944496,0.07912572347615475
2013-10-31,1756.5400390625,13.75,-0.0038393812241105385,0.03699814278897873,0.12841232087050852,0.0007414658519866636,0.6373539726942211,0.406220086509106,0.16501475868346557,0.027229870583362376,1.497020978151146e-08,-0.0033,-0.0008,-0.0045000000000000005,0.0,2013-10,23,0.044595752761944496,0.12448484117217717,0.02804947136732805,0.08959582910321089,20.0,23.834737887631437,0.02011399025985981,0.0,0.02804947136732805,0.009087679129491488
2013-11-29,1805.81005859375,13.699999809265137,-0.0007856896412440362,0.02410239752950427,0.0891928306692823,0.0015451157916796419,0.6672830057449534,0.44526660975601945,0.19826235376361934,0.03930796091989054,9.384315018441992e-08,-0.0002,0.0029,-0.0015,0.0,2013-11,20,0.02804947136732805,0.08959582910321089,0.023562791975446196,0.09517159153348881,21.0,24.642077092412055,0.019508019631369826,0.0,0.023562791975446196,0.047807167423369074
2013-12-31,1848.3599853515625,13.720000267028809,0.003959675229718407,0.023562791975445974,0.09517159153348963,0.002027868840199289,0.6787189756379673,0.4606594478910517,0.21220712693128854,0.04503186472043201,1.851823772486836e-07,0.0043,-0.0018,0.0008,0.0,2013-12,21,0.023562791975446196,0.09517159153348881,-0.03558290595581193,0.12516319184818003,21.0,24.861869296461936,0.019355231278142253,0.0,-0.03558290595581193,0.04202841113679846
2014-01-31,1782.5899658203125,18.40999984741211,-0.0064652996420466735,-0.035582905955811595,0.12516319184818062,0.4775192262613182,0.9548539057599129,0.9117459813449608,0.8312807344986856,0.6910276595486741,0.15757131356924203,-0.0066,-0.0007000000000000001,-0.0032,0.0,2014-01,21,-0.03558290595581193,0.12516319184818003,0.043117030178161375,0.12726922278383312,19.0,24.85960909363271,0.019427189651514156,0.0,0.043117030178161375,0.058936806625940474
2014-02-28,1859.449951171875,14.0,0.0027826887923012578,0.048049826595751854,0.12868233294010642,0.00010828227481376563,0.5651449298046366,0.3193887916838877,0.1020092002532938,0.010405876936316595,1.2200943818224048e-10,0.0015,-0.0073,0.0084,0.0,2014-02,19,0.043117030178161375,0.12726922278383312,0.006932165418227054,0.10448669001434559,21.0,24.59093087789413,0.0197115455172515,0.0,0.006932165418227054,0.011317667059893594
2014-03-31,1872.3399658203125,13.880000114440918,0.007924102207026662,0.006932165418227054,0.1044866900143463,0.0191009869805325,0.780847075423616,0.6097221551976143,0.3717611065388236,0.13820632033497057,5.042425860143141e-05,0.0096,0.01,-0.0018,0.0,2014-03,21,0.006932165418227054,0.10448669001434559,0.0062007891534139326,0.13092628186609304,21.0,24.95603915396538,0.01944170172576629,0.0,0.0062007891534139326,0.03431331113006289
2014-04-30,1883.949951171875,13.40999984741211,0.002992016977140688,0.006200789153414155,0.13092628186609365,0.040134249136090476,0.8179367026459129,0.6690204495352684,0.4475883618963727,0.20033534170507827,0.00032269174506222367,0.0034999999999999996,0.0023,-0.0005,0.0,2014-04,21,0.0062007891534139326,0.13092628186609304,0.021030280073280005,0.0820288193196426,21.0,24.786315396962635,0.01963960677873973,0.0,0.021030280073280005,0.003173716608027455
2014-05-30,1923.5699462890625,11.399999618530273,0.0018436779311643559,0.02103028007328045,0.08202881931964354,0.001617196632276439,0.669187279267601,0.4478116147335742,0.20053524229029113,0.04021438340042576,1.0517368015330202e-07,0.0006,-0.0066,0.0026,0.0,2014-05,21,0.021030280073280005,0.0820288193196426,0.01905833174947058,0.05775940125046198,21.0,24.943274109902582,0.019577338335705758,0.0,0.01905833174947058,0.0319711768656592
2014-06-30,1960.22998046875,11.569999694824219,-0.0003722566922789161,0.019058331749470137,0.05775940125046331,0.0006810205588521601,0.6339755569839081,0.4019250068530565,0.1615437111338295,0.02609637060689015,1.2103209668613219e-08,0.0007000000000000001,0.0027,0.0017000000000000001,0.0,2014-06,21,0.01905833174947058,0.05775940125046198,-0.01507983084534259,0.10616625780401996,22.0,25.558007623511294,0.019197879913101092,0.0,-0.01507983084534259,0.05794059569777888
2014-07-31,1930.6700439453125,16.950000762939453,-0.019999240340662028,-0.021613272811616513,0.105462665876023,0.16917998750632302,0.8948944440719018,0.8008360660307581,0.6413384046556208,0.4113149492862167,0.01177260225590604,-0.0203,-0.002,0.0048,0.0,2014-07,22,-0.01507983084534259,0.10616625780401996,0.0376552955798255,0.07778325375291281,21.0,25.817545976158737,0.01913232983629821,0.0,0.0376552955798255,0.06403734175337154
2014-08-29,2003.3699951171875,12.09000015258789,0.00332041473363498,0.037655295579825276,0.07778325375291383,0.00011375340837045166,0.5668886686873117,0.3213627626860726,0.10327402524122502,0.010665524289525184,1.3801015559449408e-10,0.0039000000000000003,0.0027,0.0009,0.0,2014-08,21,0.0376552955798255,0.07778325375291281,-0.015513837249453988,0.09457762587961013,21.0,25.617606421799398,0.019433809322314727,0.0,-0.015513837249453988,0.04311674777296508
2014-09-30,1972.2900390625,16.309999465942383,-0.002785928622506484,-0.015513837249453988,0.09457762587961097,0.08358926200162203,0.8563166840495946,0.7332782633816933,0.537697011548072,0.28911807622772745,0.002020115622703892,-0.004,-0.009899999999999999,0.0011,0.0,2014-09,21,-0.015513837249453988,0.09457762587961013,0.023201460667202856,0.1828263584537682,23.0,25.91843689260619,0.019310365587513735,0.0,0.023201460667202856,0.06852236877981285
2014-10-31,2018.050048828125,14.029999732971191,0.011731393541549506,0.03693408245925722,0.1844781983756272,0.0010785713541897372,0.6524587430289547,0.4257024113549234,0.18122254303339647,0.03284161010349123,3.820517595344436e-08,0.0123,0.0028000000000000004,0.002,0.0,2014-10,23,0.023201460667202856,0.1828263584537682,0.024533588646315385,0.04084140995058375,19.0,25.162748283083257,0.02003162525960071,0.0,0.024533588646315385,-0.0441782010459153
2014-11-28,2067.56005859375,13.329999923706055,-0.002542427180532325,0.043010648068150914,0.055173366003368265,1.5551356110029503e-05,0.5005938578714793,0.2505942105386508,0.06279745835548962,0.003943520775909455,9.537195077442725e-13,-0.0034000000000000002,-0.0089,-0.0116,0.0,2014-11,19,0.024533588646315385,0.04084140995058375,-0.004188587515996933,0.15462383409455638,22.0,26.606817147143424,0.01913523789028174,0.0,-0.004188587515996933,0.07812663323369227
2014-12-31,2058.89990234375,19.200000762939453,-0.010310858415930158,0.002658933834588151,0.1565703948995391,0.0803603724890953,0.854210924508679,0.729676303549972,0.5324275079623508,0.2834790512349992,0.0018306480310632128,-0.009300000000000001,0.005,-0.0045000000000000005,0.0,2014-12,22,-0.004188587515996933,0.15462383409455638,-0.0310408058384104,0.17005423500471736,20.0,26.794085482572555,0.01919903420679852,0.0,-0.0310408058384104,0.035429612729855425
2015-01-30,1994.989990234375,20.969999313354492,-0.012991965252009852,-0.04103160690022456,0.1685220266129373,0.9372974255238046,0.9959610147354669,0.9919383428729011,0.983941676061437,0.9681412218905899,0.8505376842171226,-0.0131,-0.0079,0.0005,0.0,2015-01,20,-0.0310408058384104,0.17005423500471736,0.054892510890623525,0.0961948443627578,19.0,26.492295420383126,0.019671166595995753,0.0,0.054892510890623525,0.04117796652060762
2015-02-27,2104.5,13.34000015258789,-0.0029563045487578377,0.05111477807629039,0.10954289927542525,3.0953661205504276e-05,0.5226001157134706,0.2731108809437329,0.07458955328986185,0.0055636014599811405,5.330648693421548e-12,-0.0036,-0.0022,0.0022,0.0,2015-02,19,0.054892510890623525,0.0961948443627578,-0.01739610711421946,0.14315226744625634,22.0,26.995513699383242,0.01938014279768194,0.0,-0.01739610711421946,0.023857102250453663
2015-03-31,2067.889892578125,15.289999961853027,-0.008795775050879251,-0.023377838995787825,0.1445398134089344,0.44156777690702154,0.9501941140059276,0.9028688542915095,0.8151721680496632,0.6645056635627883,0.1295667108083088,-0.0075,0.004,0.0039000000000000003,0.0,2015-03,22,-0.01739610711421946,0.14315226744625634,0.008520819822535275,0.08479719886856374,21.0,26.72860545292848,0.019620286635993446,0.0,0.008520819822535275,0.00836018620959586
2015-04-30,2085.510009765625,14.550000190734863,-0.010128906614839228,0.008520819822535275,0.08479719886856495,0.007218201552108875,0.7347706710730431,0.53988793906913,0.29147898675231265,0.08495999971815486,4.426622747953005e-06,-0.0111,-0.0106,0.0070999999999999995,0.0,2015-04,21,0.008520819822535275,0.08479719886856374,0.010491382304590013,0.10810152941592882,20.0,26.791371680192327,0.01962899668712945,0.0,0.010491382304590013,0.060702803038783684
2015-05-29,2107.389892578125,13.84000015258789,-0.0063184691730722164,0.000256209458126877,0.11166273738933848,0.04142063842721136,0.8195511221652929,0.6716640418423908,0.45113258510405696,0.2035206093426692,0.0003491740588668253,-0.0058,0.0001,0.0005,0.0,2015-05,20,0.010491382304590013,0.10810152941592882,-0.021011671979729973,0.11131968445206301,22.0,26.806111379650826,0.019617034574845874,0.0,-0.021011671979729973,0.026737264136540442
2015-06-30,2063.110107421875,18.229999542236328,0.0026584898861461426,-0.023023716808757255,0.11354656276111014,0.22223232444215008,0.9102809452146495,0.8286113992208759,0.6865968509187778,0.4714152356915823,0.023281881369348577,0.0033,0.0032,-0.0066,0.0,2015-06,22,-0.021011671979729973,0.11131968445206301,0.019742029435185104,0.11703145071496986,22.0,26.495895292784844,0.0198829127943257,0.0,0.019742029435185104,0.06875343266125314
2015-07-31,2103.840087890625,12.119999885559082,-0.002271519985995063,0.012717778306361449,0.11790944122884149,0.013075019534961744,0.7625663667441851,0.581507463689427,0.3381509303265102,0.11434605168068437,1.9548159143848558e-05,-0.0015,0.0085,-0.0101,0.0,2015-07,22,0.019742029435185104,0.11703145071496986,-0.0625808182558657,0.26718578192965414,21.0,26.381136336399692,0.020054373951439098,0.0,-0.0625808182558657,0.0032905576267493325
2015-08-31,1972.1800537109375,28.43000030517578,-0.008391670369217175,-0.06258081825586559,0.26718578192965453,0.7258334280380978,0.9801720411531667,0.9607372302583651,0.9230160256045148,0.8519585835227542,0.44884088918420334,-0.0074,0.0077,0.014199999999999999,0.0,2015-08,21,-0.0625808182558657,0.26718578192965414,-0.026442831280001577,0.22518011961363724,21.0,25.693658417057698,0.02071373829378016,0.0,-0.026442831280001577,0.017114221122103257
2015-09-30,1920.030029296875,24.5,0.019075555906861608,-0.026442831280001466,0.22518011961363754,0.41366219880229027,0.9463251118434921,0.8955312173055978,0.8019761611688458,0.6431657630831186,0.11005621944811482,0.018799999999999997,-0.0043,-0.0044,0.0,2015-09,21,-0.026442831280001577,0.22518011961363724,0.08298311781266587,0.12605671658262643,22.0,24.496752170486435,0.02186267299592164,0.0,0.08298311781266587,0.019819880386362454
2015-10-30,2079.360107421875,15.069999694824219,-0.004809877003672414,0.0808496457440524,0.12902433455125595,6.613115635559392e-08,0.3558568927583528,0.1266341281236298,0.016036202405631896,0.00025715978759439413,1.1246445729732726e-18,-0.0042,0.002,-0.005699999999999999,0.0,2015-10,22,0.08298311781266587,0.12605671658262643,0.0005048691103350933,0.12180930149938153,20.0,25.491441046066743,0.021139432012550974,0.0,0.0005048691103350933,0.021675662396986234
2015-11-30,2080.409912109375,16.1299991607666,-0.004640997274763192,-0.004307436251661079,0.11991421120639849,0.07643099693159602,0.8515386119289191,0.7251180076058303,0.5257961249542491,0.27646156501690433,0.0016150047756896217,-0.0048,0.0012,0.0067,0.0,2015-11,20,0.0005048691103350933,0.12180930149938153,-0.01753018503269277,0.1841670284751664,22.0,26.225851890971928,0.020713377102338084,0.0,-0.01753018503269277,0.041385780401267516
2015-12-31,2043.93994140625,18.209999084472656,-0.00941191309542666,-0.027912635450489165,0.1840975516513653,0.6840633825284053,0.9765478348720529,0.9536456737932942,0.9094400711446661,0.8270812430036153,0.3870266393298874,-0.0092,-0.0024,0.0023,0.0,2015-12,22,-0.01753018503269277,0.1841670284751664,-0.05073532204695208,0.2416256946604027,19.0,25.96542403712417,0.021123812120267954,0.0,-0.05073532204695208,-0.0019975608066387374
2016-01-29,1940.239990234375,20.200000762939453,0.0247602174153414,-0.0664562972962528,0.2308952487909637,0.958304340670864,0.9973416728703545,0.9946904124438373,0.9894090166076911,0.9789302021445982,0.8989978192865716,0.025699999999999997,0.0048,0.0042,0.0,2016-01,19,-0.05073532204695208,0.2416256946604027,-0.004128360309003876,0.1857399715644765,20.0,24.206167203878472,0.022700580284235033,0.0,-0.004128360309003876,-0.02889524116156919
2016-02-29,1932.22998046875,20.549999237060547,-0.008120976341902342,0.02052963800751817,0.2005385352753495,0.010149929251394504,0.750592012376611,0.5633883690435706,0.31740645437357445,0.10074685727800399,1.0379048412124343e-05,-0.0069,0.006500000000000001,0.0025,0.0,2016-02,20,-0.004128360309003876,0.1857399715644765,0.06599111444005867,0.11409690389058459,22.0,24.002606777289753,0.022955370489002775,0.0,0.06599111444005867,0.0049614570952559445
2016-03-31,2059.739990234375,13.949999809265137,-0.00203975921756705,0.04114035213831757,0.08878968214373766,8.374050930264657e-05,0.5561391578107765,0.30929076285047974,0.09566077598463171,0.009150984061981891,6.417102772711784e-11,-0.0011,0.0045000000000000005,-0.0049,0.0,2016-03,22,0.06599111444005867,0.11409690389058459,0.0026993982833325436,0.10147887905758426,21.0,25.3722986201879,0.021701822498083535,0.0,0.0026993982833325436,0.05071031594891372
2016-04-29,2065.300048828125,15.699999809265137,-0.005063088369821722,0.0026993982833325436,0.10147887905758489,0.02325224197534104,0.7905039641090911,0.6248965172721871,0.39049565729890884,0.15248685836930684,8.244457518132436e-05,-0.005,-0.0015,0.0036,0.0,2016-04,21,0.0026993982833325436,0.10147887905758426,0.015324602525288666,0.11133845965285627,21.0,25.92233754367387,0.02123463452081547,0.0,0.015324602525288666,0.05552111903506647
2016-05-31,2096.949951171875,14.1899995803833,-0.0010052630048559275,0.015324602525288444,0.11133845965285685,0.007862041971770319,0.7387048660971915,0.5456848791956698,0.29777198738279265,0.08866815646989804,5.480729838917502e-06,-0.0001,0.0052,-0.0037,0.0,2016-05,21,0.015324602525288666,0.11133845965285627,0.0009109212401239297,0.18539161987386013,22.0,25.694709923449963,0.021430934456520858,0.0,0.0009109212401239297,0.03056153615097615
2016-06-30,2098.860107421875,15.630000114440918,0.013565044705922347,-0.00022386698881804445,0.1899331643634968,0.11005635234208846,0.87116605475984,0.7589302949658245,0.5759751926169133,0.33174742251009043,0.0040182577095975724,0.014199999999999999,0.0034999999999999996,0.0042,0.0,2016-06,22,0.0009109212401239297,0.18539161987386013,0.035609800753315435,0.07424510159123764,20.0,25.840372927670497,0.021335099261477336,0.0,0.035609800753315435,-0.03363316321908763
2016-07-29,2173.60009765625,11.869999885559082,0.0016313092573088106,0.04965789399842535,0.08311817857343959,1.3192498034183298e-05,0.49547350950415364,0.24549399862036264,0.06026730335861462,0.003632147854119281,6.321462927424461e-13,0.0017000000000000001,-0.0005,0.0003,0.0,2016-07,20,0.035609800753315435,0.07424510159123764,-0.0012192428990192017,0.05654299900080359,23.0,26.694003256096288,0.02077807250221043,0.0,-0.0012192428990192017,0.03558182028215123
2016-08-31,2170.949951171875,13.420000076293945,-0.0023758642617150993,0.006453281449928294,0.05441941396939058,0.0019248971599732973,0.6765119473441422,0.4576684148993634,0.20946037799649583,0.04387364995043491,1.6256192348736114e-07,-0.0024,-0.0039000000000000003,0.0015,0.0,2016-08,23,-0.0012192428990192017,0.05654299900080359,-0.00123445113931675,0.1451934454451643,21.0,26.948872433723846,0.020654552154586704,0.0,-0.00123445113931675,0.07978058679354887
2016-09-30,2168.27001953125,13.289999961853027,0.007967969231286176,-0.0012344511393173052,0.1451934454451647,0.09488092105100578,0.8631249698366594,0.7449847135555342,0.5550022234314214,0.3080274680138214,0.0027729831450324623,0.0088,0.0038,0.0034000000000000002,0.0,2016-09,21,-0.00123445113931675,0.1451934454451643,-0.019425678909034683,0.066033668241179,21.0,26.72787334647852,0.020869541036942284,0.0,-0.019425678909034683,-0.012293445826634414
2016-10-31,2126.14990234375,17.059999465942383,-0.00012227640782913607,-0.01942567890903446,0.06603366824117982,0.027778388382353553,0.7993402653854694,0.6389448598665127,0.40825053394983757,0.16666849847032747,0.00012860789034436988,0.0002,0.0007000000000000001,0.0009,0.0,2016-10,21,-0.019425678909034683,0.066033668241179,0.03417452182929526,0.10596113591453264,21.0,26.525143085070578,0.021116617359302915,0.0,0.03417452182929526,0.10456632641824401
2016-11-30,2198.81005859375,13.329999923706055,-0.0026534040390964186,0.034174521829295035,0.10596113591453318,0.00042981207839536345,0.6159988671535397,0.37945460433444417,0.14398579675060957,0.020731909665907853,3.829980291954827e-09,-0.0025,-0.0038,0.022000000000000002,0.0,2016-11,21,0.03417452182929526,0.10596113591453264,0.01820076244186586,0.08001111960721632,21.0,26.85095353105624,0.02100548578361409,0.0,0.01820076244186586,0.027338863322527357
2016-12-30,2238.830078125,14.039999961853027,-0.004637050227782158,0.01820076244186586,0.08001111960721705,0.0016244881561991798,0.6693754564663871,0.4480635017195841,0.20076090157321572,0.040304939600490405,1.0636319473299739e-07,-0.0052,-0.0011,0.0021,0.0,2016-12,21,0.01820076244186586,0.08001111960721632,0.01788435819838252,0.06510321904528978,20.0,27.865098223923514,0.02034157827501636,0.0,0.01788435819838252,0.060388880011313234
2017-01-31,2278.8701171875,11.989999771118164,-0.0008899054071440649,0.013164377303342745,0.06628505497646045,0.0015897158382903772,0.6684708424317308,0.44685326718138785,0.1996778423906808,0.039871240741797556,1.0076245792066628e-07,0.0,0.0087,-0.0055000000000000005,0.0,2017-01,20,0.01788435819838252,0.06510321904528978,0.037198160066815866,0.0463233564456175,19.0,28.06357374212445,0.02018648100613008,0.0,0.037198160066815866,0.053614942734721185
2017-02-28,2363.639892578125,12.920000076293945,-0.0025783763780462543,0.030047611194748303,0.052495740695857135,7.570726234333552e-05,0.552644810686582,0.3054162867788081,0.09327910822975516,0.008700992032138376,4.9870515193305884e-11,-0.0042,-0.0137,0.0014000000000000002,0.0,2017-02,19,0.037198160066815866,0.0463233564456175,-0.0003891971352694146,0.08117794458518017,23.0,28.655106525184117,0.01980906272488351,0.0,-0.0003891971352694146,0.07670426006708231
2017-03-31,2362.719970703125,12.369999885559082,-0.002255047489714501,-0.008060703886619836,0.06650349374119684,0.013032453836938117,0.7624109711481981,0.5812704889271386,0.3378753812975948,0.11415977328699509,1.9389449913804153e-05,-0.0016,0.0058,-0.0032,0.0,2017-03,23,-0.0003891971352694146,0.08117794458518017,0.009091208748855273,0.07351680964720336,19.0,29.086921742464632,0.0195959135041955,0.0,0.009091208748855273,0.05719650511439399
2017-04-28,2384.199951171875,10.819999694824219,-0.0019131470681601481,0.0097707748003657,0.07095383324536515,0.0028971204064624596,0.6940214751651602,0.4816658079904251,0.23200195058706904,0.05382490507620482,4.517689336870342e-07,-0.003,-0.006999999999999999,-0.006,0.0,2017-04,19,0.009091208748855273,0.07351680964720336,0.011576251246327995,0.07721207193872154,22.0,28.90424595627515,0.01977696868999835,0.0,0.011576251246327995,0.03724616370287703
2017-05-31,2411.800048828125,10.40999984741211,-0.000459968801852062,0.009826937623944598,0.07899909527137322,0.004120683689289788,0.7094725221614694,0.5033512597021567,0.25336249064374794,0.06419255166520325,1.089991714134293e-06,-0.0002,0.0004,-0.0053,0.0,2017-05,22,0.011576251246327995,0.07721207193872154,0.004813775207812565,0.0731913301782849,22.0,29.313344980271424,0.019596301166844094,0.0,0.004813775207812565,0.025100903202747868
2017-06-30,2423.409912109375,11.180000305175781,0.0015332318107057485,-0.002736618159233206,0.07009383251021536,0.009759639278735648,0.7487547842682292,0.5606337269645624,0.3143101758101755,0.09879088661782345,9.409887159737372e-06,0.0014000000000000002,-0.0009,-0.003,0.0,2017-06,22,0.004813775207812565,0.0731913301782849,0.019348826001101882,0.056446712091382245,20.0,29.748503240632758,0.019400244043730665,0.0,0.019348826001101882,0.04170617054154245
2017-07-31,2470.300048828125,10.260000228881836,-0.0007281456077897763,0.020911724047332436,0.05505269195416631,0.0003057391947918893,0.603023788519513,0.3636376895204263,0.13223236923975396,0.017485399474758627,1.634473161215786e-09,-0.0011,-0.0034999999999999996,0.0046,0.0,2017-07,20,0.019348826001101882,0.056446712091382245,0.000546433019853465,0.09289328943601824,23.0,30.00222074401857,0.01937030547519118,0.0,0.000546433019853465,0.047547310334652045
2017-08-31,2471.64990234375,10.59000015258789,0.005720976220730423,-0.0023895049795888967,0.09701273739451928,0.02907843851625496,0.8016285802812564,0.6426083807237427,0.41294553097639064,0.1705240115533732,0.00014418753060878358,0.0062,0.0049,-0.0043,0.0,2017-08,23,0.000546433019853465,0.09289328943601824,0.019302978562167672,0.05626941775218585,20.0,29.914959397497487,0.019482511067141113,0.0,0.019302978562167672,0.008887264131359623
2017-09-29,2519.360107421875,9.510000228881836,0.0037051100814438076,0.025134386664241504,0.057268380395615014,0.0001844005858822822,0.5842653666854722,0.3413660187081093,0.11653075872862521,0.013579417729869061,4.617487638145461e-10,0.0034999999999999996,-0.0014000000000000002,-0.0026,0.0,2017-09,20,0.019302978562167672,0.05626941775218585,0.02218813506615147,0.04850293751938574,22.0,30.1681144106789,0.019323342051635883,0.0,0.02218813506615147,0.03783162189320335
2017-10-31,2575.260009765625,10.180000305175781,0.0009444586571358826,0.018243456395987456,0.04859340061122873,0.0002950593868096106,0.6016852148116635,0.3620250977229576,0.131062171381317,0.017177292767185715,1.4954558253680603e-09,0.0023,0.0084,-0.0025,0.0,2017-10,22,0.02218813506615147,0.04850293751938574,0.028082627806563787,0.06333325060983667,21.0,30.920393290333834,0.018937557032981358,0.0,0.028082627806563787,0.05320660244052908
2017-11-30,2647.580078125,11.279999732971191,0.008190950433802913,0.028082627806563343,0.06333325060983763,0.00015954383525568875,0.579001917153145,0.3352432200670174,0.11238801660090267,0.012631066275484772,3.2151413392618864e-10,0.008199999999999999,-0.005600000000000001,-0.0052,0.0,2017-11,21,0.028082627806563787,0.06333325060983667,0.009831630594270946,0.056326207195326786,20.0,31.29891333388026,0.01876792064599792,0.0,0.009831630594270946,0.04946674671987428
2017-12-29,2673.610107421875,11.039999961853027,-0.005183153157965359,0.018103111426954532,0.06103025062082178,0.0005837158363576712,0.6278958205018921,0.3942531614037443,0.15543555527684685,0.024160211844221714,8.231968311620245e-09,-0.005699999999999999,-0.0031,0.0001,0.0,2017-12,20,0.009831630594270946,0.056326207195326786,0.05617870412552772,0.0890946276396564,21.0,32.086132007705984,0.018364773264673426,0.0,0.05617870412552772,0.04936974899770849
2018-01-31,2823.81005859375,13.539999961853027,0.0004889853730833948,0.05617870412552817,0.0890946276396571,3.0750029957264143e-06,0.4523664069664434,0.20463536615172992,0.041875633080052564,0.0017535686458551927,1.6581119834233532e-14,-0.0007000000000000001,-0.0074,0.0011,0.0001,2018-01,21,0.05617870412552772,0.0890946276396564,-0.03894737187936814,0.2721290144985919,19.0,33.30734382803067,0.017666738356393527,0.0021000000000000003,-0.04104737187936814,0.046305371978873175
2018-02-28,2713.830078125,19.850000381469727,-0.011095788639207016,-0.04895688839353052,0.2602069858955554,0.4902849793398112,0.9564296624839683,0.9147576992791976,0.836781648390571,0.7002035270832412,0.16831447638657618,-0.0111,-0.0042,-0.0031,0.0001,2018-02,19,-0.03894737187936814,0.2721290144985919,-0.02688449860055686,0.2012832388340918,21.0,32.03538233925028,0.018351348287470367,0.0021000000000000003,-0.028984498600556862,-0.06170698208085815
2018-03-29,2640.8701171875,19.969999313354492,0.013769718690019195,-0.02688449860055664,0.20128323883409202,0.5830252113098773,0.9668418895101382,0.9347832393115343,0.8738197044977652,0.7635608759685617,0.2595483889886555,0.0141,-0.0031,-0.0022,0.0001,2018-03,21,-0.02688449860055686,0.2012832388340918,0.0027187749953683227,0.17251261089742767,21.0,31.808409057643114,0.018499539361469898,0.0021000000000000003,0.0006187749953683224,-0.0015832457005471035
2018-04-30,2648.050048828125,15.930000305175781,-0.008187490964434607,0.0027187749953683227,0.17251261089742798,0.07636873189751239,0.8514952383790305,0.7250441409821621,0.5256890063725612,0.2763489314209707,0.001611717598386416,-0.008100000000000001,0.0003,-0.0009,0.0001,2018-04,21,0.0027187749953683227,0.17251261089742767,0.02160834185458338,0.1039826987263572,22.0,30.97017929332522,0.018966472341660292,0.0021000000000000003,0.019508341854583378,-0.01321260784567016
2018-05-31,2705.27001953125,15.430000305175781,-0.006879559974886984,0.019010836889732374,0.10640040640409924,0.0034101829648431887,0.7011300886396044,0.4915834011957794,0.24165424033121063,0.0583967718700545,6.79116373610417e-07,-0.006999999999999999,0.0007000000000000001,-0.0043,0.0001,2018-05,22,0.02160834185458338,0.1039826987263572,0.00484243626760783,0.08850003890073896,21.0,31.243615074864604,0.018752614298035528,0.0021000000000000003,0.00274243626760783,0.04789959664765857
2018-06-29,2718.3701171875,16.09000015258789,0.0007584033300001014,0.00484243626760783,0.08850003890073953,0.00979369698871029,0.7489178234230085,0.5608779062406565,0.31458402570890265,0.09896310923121954,9.492195136510816e-06,0.0006,-0.002,-0.0024,0.0001,2018-06,21,0.00484243626760783,0.08850003890073896,0.03602155617289937,0.08648995374760374,21.0,31.630556496454602,0.01851253471781001,0.0021000000000000003,0.033921556172899374,0.07239996262513938
2018-07-31,2816.2900390625,12.829999923706055,0.004884728797982518,0.03602155617289915,0.08648995374760435,0.00011794008981406802,0.5681707092326119,0.3228179548298893,0.10421143196055245,0.010860022551268852,1.5106144525400627e-10,0.0051,0.0084,-0.011000000000000001,0.0001,2018-07,21,0.03602155617289937,0.08648995374760374,0.030263211276748248,0.07034562648305187,23.0,31.886366962158988,0.01841325296029553,0.0021000000000000003,0.028163211276748246,0.04181004548945619
2018-08-31,2901.52001953125,12.859999656677246,0.00013447750859452157,0.02628025042198856,0.07216562909043185,0.0002939839098551527,0.6015479105022056,0.36185988862956947,0.1309425789990044,0.01714595899491051,1.4818658981163506e-09,0.0008,0.005,-0.0038,0.0001,2018-08,23,0.030263211276748248,0.07034562648305187,0.0042942874264615405,0.05662836000893152,19.0,32.39027688030112,0.018157196744371582,0.0021000000000000003,0.00219428742646154,0.056434367476340605
2018-09-28,2913.97998046875,12.119999885559082,-6.870120538793323e-06,-2.0610078428906498e-05,0.05609335396817684,0.0033591160357135832,0.700469230646423,0.49065714308239167,0.24074443205777454,0.05795788156682043,6.539770612979787e-07,-0.0003,0.004,-0.0019,0.0001,2018-09,19,0.0042942874264615405,0.05662836000893152,-0.0694033560936963,0.22365229243605936,23.0,32.6228911205002,0.018038945373082888,0.0021000000000000003,-0.0715033560936963,0.06510664488741398
2018-10-31,2711.739990234375,21.229999542236328,0.010851331974038647,-0.07241149825932369,0.23307316429283045,0.9988751730574368,0.9999296612216891,0.9998593273909221,0.999718674570627,0.9994374282852513,0.9971903045156335,0.0121,-0.006500000000000001,-0.0074,0.0001,2018-10,23,-0.0694033560936963,0.22365229243605936,0.01785935665478,0.18849706914748027,21.0,31.037961078006504,0.018959166529047267,0.0021000000000000003,0.01575935665478,-0.02077316887046718
2018-11-30,2760.169921875,18.06999969482422,0.008170747552017188,0.01785935665477978,0.1884970691474806,0.012291524622901128,0.7596269421388485,0.5770330912232174,0.332967188366622,0.11086714852877352,1.6749983698794247e-05,0.0079,-0.0032,-0.0044,0.0001,2018-11,21,0.01785935665478,0.18849706914748027,-0.09177689467997241,0.29790518873505695,19.0,30.195583406705246,0.01956500185441553,0.0021000000000000003,-0.09387689467997241,-0.0077970721992384195
2018-12-31,2506.85009765625,25.420000076293945,0.00849248413140935,-0.08635498271843267,0.2862945912814929,0.9480329110707936,0.9966701773837122,0.9933514424860803,0.9867470882891765,0.9736698162471679,0.875101715998028,0.009000000000000001,-0.0009,-0.0045000000000000005,0.0001,2018-12,19,-0.09177689467997241,0.29790518873505695,0.0786844016658268,0.18537593700366678,21.0,28.291857012072875,0.020936310768859233,0.0021000000000000003,0.07658440166582679,-0.032094590518553456
2019-01-31,2704.10009765625,16.56999969482422,0.008597395948725328,0.07868440166582613,0.18537593700366725,9.029871620415544e-08,0.3628524823219247,0.13166192392718265,0.01733486221220723,0.0003004974479162102,2.450213564180445e-18,0.0091,0.0011,-0.0111,0.0001,2019-01,21,0.0786844016658268,0.18537593700366678,0.029728889343926923,0.08252132927080329,19.0,28.380164463547587,0.020766615913486924,0.0021000000000000003,0.027628889343926922,-0.019675940055425056
2019-02-28,2784.489990234375,14.779999732971191,-0.0028255083152146643,0.05473105690696012,0.09463270638439404,4.883265905462733e-06,0.46563369325779974,0.21681473629689874,0.04700862987549374,0.002209811282771163,5.269579164164122e-14,-0.0031,0.0002,-0.0027,0.0001,2019-02,19,0.029728889343926923,0.08252132927080329,0.01792425624958849,0.1172502539854309,21.0,29.541548965131213,0.019798949250899624,0.0021000000000000003,0.015824256249588487,0.05316729094531787
2019-03-29,2834.39990234375,13.710000038146973,0.0067342800173637585,0.01792425624958849,0.11725025398543158,0.005385524672845205,0.7214425470535131,0.5204793486990604,0.2708987524221982,0.07338613406390342,2.1284823326427226e-06,0.0066,-0.0023,-0.0092,0.0001,2019-03,21,0.01792425624958849,0.1172502539854309,0.03931349831373776,0.06178294855776166,21.0,29.57619601478483,0.019593577700268903,0.0021000000000000003,0.03721349831373776,0.019849746396038134
2019-04-30,2945.830078125,13.119999885559082,0.0009514170090862972,0.03931349831373798,0.06178294855776291,2.0691246780551336e-05,0.5096085036266519,0.25970082696859526,0.06744451952817226,0.004548763214386009,1.94745150249616e-12,-0.0004,-0.0069,0.0027,0.0001,2019-04,21,0.03931349831373776,0.06178294855776166,-0.06577773136683507,0.1397226884615591,22.0,30.133517171387517,0.0190505859840873,0.0021000000000000003,-0.06787773136683507,0.06941705029782792
2019-05-31,2752.06005859375,18.709999084472656,-0.01319537280847849,-0.058716065786443394,0.14225680610426125,0.6472111953924353,0.9731737284540035,0.9470671057530666,0.8969361027994902,0.8044943725051378,0.3369884783863618,-0.0137,-0.0022,-0.0011,0.0001,2019-05,22,-0.06577773136683507,0.1397226884615591,0.06893016399824159,0.10549554678391498,20.0,29.242030936939855,0.01951097770392979,0.0021000000000000003,0.06683016399824158,0.04484318474046531
2019-06-28,2941.760009765625,15.079999923706055,0.0057574526279098315,0.05482523197805578,0.11773503857275203,9.539227074891513e-06,0.48553391836108895,0.2357431858790726,0.055574849688414966,0.0030885639178899168,2.8104959739286653e-13,0.0068000000000000005,0.0063,0.0062,0.0001,2019-06,20,0.06893016399824159,0.10549554678391498,0.013128152166958396,0.08381789380706088,22.0,29.283796275306273,0.019402759955911977,0.0021000000000000003,0.011028152166958394,0.03306496066430853
2019-07-31,2980.3798828125,16.1200008392334,-0.010885526112695776,0.005414310911574294,0.08196136129895348,0.006734754078936333,0.7315939559009681,0.5352297163108276,0.28647084922216903,0.08206554745407071,3.722239855446594e-06,-0.011000000000000001,0.0012,0.0062,0.0001,2019-07,22,0.013128152166958396,0.08381789380706088,-0.018091627240524266,0.22751368845071346,22.0,29.986685335042527,0.01884380568078464,0.0021000000000000003,-0.020191627240524267,0.0792386470933805
2019-08-30,2926.4599609375,18.979999542236328,0.0006427872591217021,-0.009175400912332488,0.2311887686182539,0.12070454489734417,0.8762090336983148,0.7677422707345347,0.5894281942726195,0.3474255962034809,0.005061847505110718,0.0003,-0.0037,0.0023,0.0001,2019-08,22,-0.018091627240524266,0.22751368845071346,0.017181177931020475,0.08849017222490951,20.0,28.70539737183308,0.019616609921365383,0.0021000000000000003,0.015081177931020474,-0.04138877319589063
2019-09-30,2976.739990234375,16.239999771118164,0.005047606675254723,0.017835009032413085,0.08625304338149971,0.0017760619983998695,0.6731178889402305,0.4530876924113525,0.20528845701464438,0.04214335058345349,1.3293682586961593e-07,0.005,-0.0017000000000000001,-0.0048,0.0001,2019-09,20,0.017181177931020475,0.08849017222490951,0.020431770513684278,0.13069282544098834,23.0,29.229520233035277,0.019187460347480145,0.0021000000000000003,0.018331770513684276,0.07614695432968192
2019-10-31,3037.56005859375,13.220000267028809,-0.0030228605633046968,0.05192873885101945,0.10737062808173213,1.2030615791787818e-05,0.4926267504905056,0.24268111529883485,0.058894123722686376,0.00346851780906309,5.02018409696772e-13,-0.0038,-0.0026,-0.0043,0.0001,2019-10,23,0.020431770513684278,0.13069282544098834,0.034047037714499906,0.057560227210173474,20.0,28.841122881953407,0.01933048547862766,0.0021000000000000003,0.03194703771449991,0.024829374588555955
2019-11-29,3140.97998046875,12.619999885559082,-0.004011219709926239,0.030921257703590665,0.05842181864558295,6.537738714354345e-05,0.5476009873053336,0.29986684129777613,0.08992012250990564,0.00808562843219644,3.4559615278082036e-11,-0.0042,-0.0004,-0.0031,0.0001,2019-11,20,0.034047037714499906,0.057560227210173474,0.028589818905729647,0.0764501088111218,21.0,29.836867659083435,0.0186479165462255,0.0021000000000000003,0.026489818905729646,0.06777818021000788
2019-12-31,3230.780029296875,13.779999732971191,0.0029460216619106028,0.02858981890573009,0.07645010881112282,0.0002330227979515815,0.5928739940643163,0.35149957283777494,0.12355194970513825,0.015265084275941011,8.288883420864689e-10,0.0028000000000000004,-0.0001,0.0011,0.0001,2019-12,21,0.028589818905729647,0.0764501088111218,-0.0016280928190488542,0.11873922371481603,21.0,30.331822322243298,0.018333204920153487,0.0021000000000000003,-0.0037280928190488545,0.06134988851858908
2020-01-31,3225.52001953125,18.84000015258789,-0.01770582037552626,-0.0016280928190489652,0.11873922371481671,0.04958619049272829,0.8288196644523506,0.686942036182907,0.4718893610751183,0.22267956909588338,0.000547522361735711,-0.0174,-0.0044,-0.0034999999999999996,0.0001,2020-01,21,-0.0016280928190488542,0.11873922371481603,-0.08411048363840323,0.24798475396585148,19.0,30.9852203002307,0.01790214651733776,0.0021000000000000003,-0.08621048363840324,0.0696607778110622
2020-02-28,2954.219970703125,40.11000061035156,-0.008238340444361891,-0.09750716110551982,0.24137198164063797,0.781653696977599,0.9847214521935821,0.9696763384102371,0.9402722012726848,0.8841118124861804,0.5401768472394545,-0.0078000000000000005,0.003,-0.008,0.0001,2020-02,19,-0.08411048363840323,0.24798475396585148,-0.12511928240892844,0.9342102470636157,22.0,30.729689264735747,0.018043352552014506,0.0021000000000000003,-0.12721928240892844,0.15972802446287768
2020-03-31,2584.590087890625,53.540000915527344,-0.016012721914555605,-0.1636253274914593,0.9395830648067187,2.678670723630113e-05,0.5178988637511653,0.26821923307474815,0.07194155699120607,0.0051755876223189504,3.713627402897026e-12,-0.0144,0.0182,-0.0038,0.0001,2020-03,22,-0.12511928240892844,0.9342102470636157,0.12684403816527867,0.41313309668718706,21.0,24.817168629099427,0.022462956768386607,0.0021000000000000003,0.12474403816527867,-0.4041830556514453
2020-04-30,2912.429931640625,34.150001525878906,-0.009212446303987654,0.1268440381652789,0.4131330966871878,5.738253630835549e-18,0.08364186997813017,0.006995962413438433,4.894349009024331e-05,2.3954652222137454e-09,7.887681221256022e-44,-0.0118,-0.0141,-0.0171,0.0,2020-04,21,0.12684403816527867,0.41313309668718706,0.045281819665558665,0.22926283385069143,20.0,25.927358825280162,0.021583732866977217,0.0,0.045281819665558665,-0.07163308142839875
2020-05-29,3044.31005859375,27.510000228881836,0.004812335824971425,0.03565221702935473,0.2269982625343984,0.000867540779398401,0.6436401370536167,0.41427262602639847,0.1716218086748082,0.029454045212812467,2.216790980181927e-08,0.0059,-0.0029,-0.019799999999999998,0.0,2020-05,20,0.045281819665558665,0.22926283385069143,0.018388396513924432,0.2936681542156141,22.0,27.32848099769846,0.020429703184196107,0.0,0.018388396513924432,0.048101739754419975
2020-06-30,3100.2900390625,30.43000030517578,0.015409875731554612,0.014582459470752873,0.300753671808626,0.0014670090818175345,0.6651231288376696,0.4423887765148112,0.19570782958627156,0.038301554561369106,8.242937484282057e-08,0.0158,0.0008,-0.0001,0.0,2020-06,22,0.018388396513924432,0.2936681542156141,0.05510132148044411,0.13296199997239647,22.0,28.838315955122848,0.01922271119053552,0.0,0.05510132148044411,0.003546331243131806
2020-07-31,3271.1201171875,24.459999084472656,0.007670504990141325,0.04982894109905667,0.13593072487186625,8.251868590868954e-05,0.5556285063179233,0.3087230370330865,0.09530991359493252,0.009083979629473502,6.185584702318783e-11,0.0062,-0.0159,-0.0066,0.0,2020-07,22,0.05510132148044411,0.13296199997239647,0.07006466690171753,0.08114852361681492,21.0,29.599194927667003,0.01851944749352938,0.0,0.07006466690171753,0.10866926597286031
2020-08-31,3500.31005859375,26.40999984741211,-0.0021949627140287475,0.07006466690171775,0.08114852361681862,2.9256698268093353e-07,0.3905162246203146,0.152502921691704,0.023257141124506005,0.0005408946132851885,4.629811206891228e-17,-0.0004,-0.0042,-0.0175,0.0,2020-08,21,0.07006466690171753,0.08114852361681492,-0.03922797017842261,0.2469577234303576,21.0,31.15820896535523,0.0174327011055387,0.0,-0.03922797017842261,0.18295147485730245
2020-09-30,3363.0,26.3700008392334,0.008253718228220741,-0.039227970178423055,0.24695772343035885,0.38525406384634997,0.9421264610517525,0.8876022686138993,0.7878377872485407,0.620688379016677,0.09212299979146973,0.0079,-0.0073,0.0016,0.0,2020-09,21,-0.03922797017842261,0.2469577234303576,-0.027665786221379718,0.20868653953540592,22.0,30.839426043811255,0.01748617101881336,0.0,-0.027665786221379718,0.016742284961975135
2020-10-30,3269.9599609375,38.02000045776367,-0.012129550130175693,-0.03278516513540786,0.21253838094017383,0.6552956586553264,0.9739290739242185,0.9485378410348857,0.8997240358751222,0.809503340731418,0.34761077255591005,-0.014499999999999999,-0.0079,0.018500000000000003,0.0,2020-10,22,-0.027665786221379718,0.20868653953540592,0.10754563544385931,0.16113512942859887,20.0,31.283694032592848,0.017158449697482696,0.0,0.10754563544385931,0.16766162363746287
2020-11-30,3621.6298828125,20.56999969482422,-0.004595548640170977,0.09411160513728545,0.16809882165847168,4.65221135449296e-09,0.30145931974331586,0.09087772146010274,0.008258760257780018,6.820712099548668e-05,1.4762115274120115e-21,-0.0052,-0.0098,-0.0207,0.0,2020-11,20,0.10754563544385931,0.16113512942859887,0.03712145909357023,0.0860233498283489,22.0,32.47320409661257,0.016474881464905913,0.0,0.03712145909357023,0.0376011752897705
2020-12-31,3756.070068359375,22.75,0.006438845522919845,0.02556215605282053,0.08095517959005076,0.0009274655585626073,0.6463326749108378,0.4177459266573987,0.17451165923884873,0.030454319210296055,2.6196572784347353e-08,0.004,-0.0086,0.0044,0.0,2020-12,22,0.03712145909357023,0.0860233498283489,-0.01113666075544506,0.17032414710260563,19.0,33.76559141811711,0.015771030342788612,0.0,-0.01113666075544506,0.14654482040994926
2021-01-29,3714.239990234375,33.09000015258789,-0.019311475173124593,-0.003434373844651506,0.16346048183141962,0.14830648654528558,0.8875595660440527,0.7877619832763072,0.6205689422954209,0.38510581214165746,0.00847033068966124,-0.0184,0.0059,0.0059,0.0,2021-01,19,-0.01113666075544506,0.17032414710260563,0.026091451377448394,0.14317796661619067,19.0,34.512432294106915,0.01530509845884747,0.0,0.026091451377448394,0.16743951969445928
2021-02-26,3811.14990234375,27.950000762939453,-0.004750214169902844,0.01609799654419919,0.15698016021219605,0.01875882603764274,0.7799654288974748,0.6083460702752218,0.37008494121930513,0.13696286371729652,4.8196348922030053e-05,-0.0028000000000000004,0.0068000000000000005,-0.016,0.0,2021-02,19,0.026091451377448394,0.14317796661619067,0.042438632533165155,0.16558180268707237,23.0,35.10390717196983,0.01489624088192604,0.0,0.042438632533165155,0.12251984741719849
2021-03-31,3972.889892578125,19.399999618530273,0.0036224990395776757,0.02650960328039842,0.15088995026677593,0.004418939025151741,0.7125779436656241,0.5077673257987293,0.25782765714879297,0.06647510079083552,1.2980607627747733e-06,0.0063,0.011200000000000002,-0.023399999999999997,0.0,2021-03,23,0.042438632533165155,0.16558180268707237,0.052425321347558285,0.10838775356252295,21.0,35.04254511219208,0.014738080888770948,0.0,0.052425321347558285,0.043110045918526796
2021-04-30,4181.169921875,18.610000610351562,-0.007194706699326425,0.05242532134755851,0.10838775356252581,2.5555099768419006e-05,0.5163775454303033,0.266645769424625,0.07109996635205026,0.005055205215262681,3.301368111219382e-12,-0.008199999999999999,-0.0043,-0.0033,0.0,2021-04,21,0.052425321347558285,0.10838775356252295,0.00548648867060697,0.14079214090287961,20.0,36.71981410913301,0.01393580054722836,0.0,0.00548648867060697,0.07771225254098982
2021-05-28,4204.10986328125,16.760000228881836,0.0007688818911402162,-0.0017476917055135877,0.13966869621971967,0.097934865839192,0.8648356492469389,0.7479407002083744,0.5594152910281934,0.31294546783615834,0.0030015344464332217,0.0004,-0.0029,-0.0032,0.0,2021-05,20,0.00548648867060697,0.14079214090287961,0.02221400956583497,0.08377277801783346,22.0,36.55213398979907,0.013865141670281434,0.0,0.02221400956583497,0.027931306069098688
2021-06-30,4297.5,15.829999923706055,0.0013281596467464851,0.022717527688955075,0.08566727596950752,0.0015332356265008343,0.6669611792715127,0.44483721465524684,0.19788014754223812,0.03915655279133793,9.20496740685855e-08,0.0007000000000000001,-0.0011,0.0075,0.0,2021-06,22,0.02221400956583497,0.08377277801783346,0.02274805482838871,0.11765769091626682,21.0,36.696258013088375,0.013652279075802359,0.0,0.02274805482838871,0.07263272326755302
2021-07-30,4395.259765625,18.239999771118164,-0.0054060480514769305,0.02274805482838871,0.11765769091626942,0.004019358360591384,0.7083694052318025,0.5017872142684576,0.251790408403299,0.0633984097639001,1.0242166287478166e-06,-0.006500000000000001,-0.0007000000000000001,-0.0018,0.0,2021-07,21,0.02274805482838871,0.11765769091626682,0.028990416255438856,0.08257285060272586,22.0,37.44338318461541,0.013366642333103139,0.0,0.028990416255438856,0.06474230679491223
2021-08-31,4522.68017578125,16.479999542236328,-0.0013491160395050494,0.030890146405570862,0.08383166766755192,0.00043125484261725554,0.616127898215733,0.3796135869597366,0.14410647540443755,0.02076667625348976,3.862201802029763e-09,-0.0013,0.0044,-0.0004,0.0,2021-08,22,0.028990416255438856,0.08257285060272586,-0.04756916880190076,0.12717267539703683,21.0,37.973500614070495,0.013199059737585131,0.0,-0.04756916880190076,0.08096832775481137
2021-09-30,4307.5400390625,23.139999389648438,-0.011909714125195148,-0.047569168801901096,0.12717267539703925,0.5848464895601988,0.9670303799466704,0.9351477557398017,0.8745013250651877,0.7647525675407691,0.2615801103698927,-0.0103,0.0031,-0.0077,0.0,2021-09,21,-0.04756916880190076,0.12717267539703683,0.06914383640060695,0.10851697855146886,21.0,37.6203466866512,0.013328963032312707,0.0,0.06914383640060695,0.10422731849944514
2021-10-29,4605.3798828125,16.260000228881836,0.001949334719149265,0.0691438364006065,0.10851697855147169,6.82599495329261e-07,0.4117516732262168,0.1695394404045892,0.02874362185270126,0.0008261957972110854,3.8495938082366107e-16,0.0021,0.0019,-0.0083,0.0,2021-10,21,0.06914383640060695,0.10851697855146886,-0.008333706184746159,0.12915265687345803,21.0,37.25302500032532,0.013369037467968905,0.0,-0.008333706184746159,0.054083023737346664
2021-11-30,4567.0,27.190000534057617,-0.01896131033450521,-0.008333706184746159,0.12915265687346042,0.1369282007201805,0.8831425432219803,0.7799407516485872,0.6083075760821632,0.37003810711895674,0.006937967379443131,-0.0195,0.0053,-0.0113,0.0,2021-11,21,-0.008333706184746159,0.12915265687345803,0.04361291346206464,0.1707858562350316,22.0,38.58262749771922,0.012858638760971833,0.0,0.04361291346206464,0.14274734846711576
2021-12-31,4766.18017578125,17.219999313354492,-0.0026261799136575448,0.05609082448365221,0.16765391074233274,2.862879739102697e-05,0.5200560991167696,0.27045834622855136,0.07314771704468295,0.005350588508849,4.385385360886417e-12,-0.0031,0.0005,0.0052,0.0,2021-12,22,0.04361291346206464,0.1707858562350316,-0.0525851650273933,0.18717848475930224,20.0,38.304849873467454,0.012919797561501651,0.0,-0.0525851650273933,0.004546082391212181
2022-01-31,4515.5498046875,24.829999923706055,0.018885951732779516,-0.05507324683690007,0.18243902053808125,0.9442764972584158,0.9964228971253487,0.9928585899156733,0.9857681795693393,0.971738903851449,0.8664588678863442,0.0232,0.0131,-0.0287,0.0,2022-01,20,-0.0525851650273933,0.18717848475930224,-0.031360491945908286,0.22539877773103295,19.0,36.93675807029746,0.01331960219273237,0.0,-0.031360491945908286,0.0658609786989793
2022-02-28,4373.93994140625,30.149999618530273,-0.002442603440647617,0.010962687790073256,0.24120615453706812,0.01676666669135536,0.7745115893625422,0.5998682020568911,0.35984185983896716,0.12948616409236688,3.640129443036265e-05,0.0003,0.0063,-0.0046,0.0,2022-02,19,-0.031360491945908286,0.22539877773103295,0.035773288371546474,0.23167124810812323,23.0,35.28714922569488,0.013851658788625579,0.0,0.035773288371546474,0.06029384164823459
2022-03-31,4530.41015625,20.559999465942383,-0.015652540713177343,0.032798085941613486,0.2273895354942261,0.0012027312082505254,0.6569170535032715,0.43154001518342,0.18622678470450635,0.03468041534137856,5.016738343772045e-08,-0.0154,0.0072,-0.0045000000000000005,0.0,2022-03,23,0.035773288371546474,0.23167124810812323,-0.08795671180434295,0.24499052444291167,20.0,34.270798693291745,0.014112100102413967,0.0,-0.08795671180434295,-0.02178954083480228
2022-04-29,4131.93017578125,33.400001525878906,-0.036284507106413955,-0.1022325065050057,0.24190404669188662,0.8921883899367955,0.992895484168302,0.9858414424818067,0.9718833497146095,0.94455724545249,0.7518676836910829,-0.0354,0.0074,0.0060999999999999995,0.0,2022-04,20,-0.08795671180434295,0.24499052444291167,5.317770464441374e-05,0.31267710344341115,21.0,33.88916475591386,0.014267613983673573,0.0,5.317770464441374e-05,0.09209596856690247
2022-05-31,4132.14990234375,26.190000534057617,-0.006274368617659065,5.317770464463578e-05,0.3126771034434121,0.0032521448311746337,0.6990538266327242,0.48867625252985475,0.23880447978662236,0.05702757956615934,6.031491159596135e-07,-0.0070999999999999995,-0.005,0.0046,0.0,2022-05,21,5.317770464441374e-05,0.31267710344341115,-0.08391999993382704,0.29415607131739735,21.0,30.673155079545147,0.01567599375006804,0.0,-0.08391999993382704,-0.05077709810283593
2022-06-30,3785.3798828125,28.709999084472656,-0.008759278267998716,-0.08391999993382682,0.2941560713173984,0.9780031234169445,0.9986108148575848,0.9972235595505295,0.9944548277226285,0.9889404043808426,0.9459117155894646,-0.0096,0.0040999999999999995,-0.0014000000000000002,0.0,2022-06,21,-0.08391999993382704,0.29415607131739735,0.09111639173021024,0.1924909225444126,20.0,29.04772139510385,0.01641981937001788,0.0,0.09111639173021024,-0.007056080472671866
2022-07-29,4130.2900390625,21.329999923706055,0.014207760082581844,0.08155899963227031,0.19310730012773158,1.0888742597341511e-07,0.3671225896892774,0.13477899586016157,0.018165377725073446,0.00032998094789459453,3.912409715842835e-18,0.014499999999999999,-0.009399999999999999,0.0045000000000000005,0.0,2022-07,20,0.09111639173021024,0.1924909225444126,-0.04244012827299792,0.1936366917254495,23.0,29.00461831720894,0.016476795864293712,0.0,-0.04244012827299792,0.02019269910932897
2022-08-31,3955.0,25.8700008392334,-0.007817025105971265,-0.033288589226301735,0.20227406535879264,0.7409660447030044,0.9814369262912325,0.9632184402879821,0.927789763710813,0.8607938456465662,0.4726022299010959,-0.0075,0.0029,-0.0046,0.0001,2022-08,23,-0.04244012827299792,0.1936366917254495,-0.09339567201327492,0.23808948874700586,21.0,30.698763365175314,0.015602874410532085,0.0021000000000000003,-0.09549567201327493,0.05642594303354134
2022-09-30,3585.6201171875,31.6200008392334,-0.015066695771983274,-0.09339567201327437,0.23808948874700714,0.8136904173434478,0.9871967117225923,0.974557347635899,0.9497620238311184,0.902047901911782,0.5972387854165916,-0.0143,0.005,0.0027,0.0001,2022-09,21,-0.09339567201327492,0.23808948874700586,0.0798634138370089,0.279470714926005,21.0,28.229884655821984,0.01696350032350171,0.0021000000000000003,0.0777634138370089,0.07811051964532684
2022-10-31,3871.97998046875,25.8799991607666,-0.00745440410765752,0.0798634138370089,0.27947071492600617,2.800498469079194e-08,0.33725019443234866,0.11373769364465697,0.012936262955605843,0.00016734689925658,1.312466868379273e-19,-0.0068000000000000005,0.0038,0.0073,0.0001,2022-10,21,0.0798634138370089,0.279470714926005,0.05375289335249267,0.2794142631429454,21.0,27.08076692540071,0.017673457610733533,0.0021000000000000003,0.05165289335249267,-0.020670723318340134
2022-11-30,4080.110107421875,20.579999923706055,0.030947872397389053,0.053752893352493114,0.27941426314294654,8.156919866715606e-06,0.4808065631035345,0.23117495112343306,0.05344185802692167,0.0028560321893696516,1.900270776602375e-13,0.031200000000000002,0.0034999999999999996,-0.0208,0.0001,2022-11,21,0.05375289335249267,0.2794142631429454,-0.05897147407473069,0.17865845941848307,21.0,28.37894901627334,0.01694608690510113,0.0021000000000000003,-0.06107147407473069,-0.07361426390588599
2022-12-30,3839.5,21.670000076293945,-0.0025407424823445934,-0.05897147407473047,0.17865845941848488,0.8832413420528762,0.9922702298232885,0.9846002089935618,0.9694375715501656,0.9398092051330824,0.733159510223886,-0.0022,0.0013,-0.0004,0.0002,2022-12,21,-0.05897147407473069,0.17865845941848307,0.061752857834678654,0.1668931775551555,20.0,28.3169012845273,0.01710467380720545,0.004200000000000001,0.05755285783467865,0.03804154134445459
2023-01-31,4076.60009765625,19.399999618530273,0.014642470285510134,0.05905521724302765,0.16381737355309064,2.0039447801044285e-05,0.5085900499404028,0.2586638388983814,0.0669069815536478,0.004476544180620167,1.7976882312964437e-12,0.0158,0.0102,-0.0006,0.0002,2023-01,20,0.061752857834678654,0.1668931775551555,-0.026112493931818803,0.15454064759278993,19.0,28.3348134237557,0.017004756660922247,0.004200000000000001,-0.030312493931818806,0.03018262263221208
2023-02-28,3970.14990234375,20.700000762939453,-0.0030360018281855305,-0.024667405665226405,0.16249992342838174,0.5760085676838645,0.9661105150529745,0.9333695272959237,0.8711786744846161,0.7589522828767725,0.2518096434970738,-0.0026,0.0062,-0.0069,0.0002,2023-02,19,-0.026112493931818803,0.15454064759278993,0.035051612577109204,0.1801548830747897,23.0,28.919762943866655,0.01661402887039388,0.004200000000000001,0.0308516125771092,0.044500084201012785
2023-03-31,4109.31005859375,18.700000762939453,0.014436542471763847,0.03213984146052051,0.18640438456001326,0.002401325616391549,0.6859274621715904,0.47049648336115857,0.221366940855217,0.04900332250359713,2.825710298484854e-07,0.015300000000000001,0.0067,-0.0076,0.0002,2023-03,23,0.035051612577109204,0.1801548830747897,0.014642341662481462,0.11932267413308621,19.0,27.93813125399791,0.017187598258748164,0.004200000000000001,0.010442341662481461,0.0005956230693812681
2023-04-28,4169.47998046875,15.779999732971191,0.008253202753460531,0.035172940087562665,0.12352501624657365,0.0008113450993843603,0.6409517698460995,0.41081917126884726,0.16877239148202247,0.02848412012656105,1.8750551386500445e-08,0.0078000000000000005,0.0013,0.0019,0.0002,2023-04,19,0.014642341662481462,0.11932267413308621,0.002482347368193194,0.12816857838683515,22.0,28.764841267615378,0.016590369534543223,0.004200000000000001,-0.0017176526318068066,0.03427498108313827
2023-05-31,4179.830078125,17.940000534057617,-0.006108624209833935,0.002869561814841548,0.13131960397979692,0.056192590977008634,0.83532396466233,0.6977661259391936,0.4868775665081906,0.23704976476893758,0.0007485100631248457,-0.006,-0.0011,-0.0116,0.0002,2023-05,22,0.002482347368193194,0.12816857838683515,0.06472746490423376,0.10785461714331024,21.0,28.762051343131237,0.016531710164425804,0.004200000000000001,0.06052746490423375,0.04808040136077926
2023-06-30,4450.3798828125,13.59000015258789,0.012269004495714109,0.06472746490423464,0.10785461714331315,2.2120937847225135e-06,0.44314945646903037,0.19638144076879704,0.03856567027842855,0.001487310924024467,7.277946165596891e-15,0.011399999999999999,-0.0064,-0.0078000000000000005,0.0002,2023-06,21,0.06472746490423376,0.10785461714331024,0.031138932355011084,0.0805672800830957,20.0,29.9400316459875,0.01581222193328141,0.004200000000000001,0.026938932355011082,0.028045384382565763
2023-07-31,4588.9599609375,13.630000114440918,0.0014687129405193122,0.043789980551780294,0.08686870364993832,6.319967734702945e-05,0.546442763262285,0.2985996935217217,0.08916177697126614,0.007949822472673805,3.175317469380333e-11,0.0025,0.0108,-0.0009,0.0002,2023-07,20,0.031138932355011084,0.0805672800830957,-0.017716390070854127,0.12313409785064355,23.0,30.89165981365993,0.015286133819972783,0.004200000000000001,-0.02191639007085413,0.049431297494470866
2023-08-31,4507.66015625,13.569999694824219,-0.0015969365120942491,-0.00126955133395934,0.11973842164110199,0.06341139997653064,0.8416576183622885,0.7083875465472796,0.5018129161032743,0.25181620276807176,0.0010125543733323717,-0.0008,-0.0022,0.0022,0.0002,2023-08,23,-0.017716390070854127,0.12313409785064355,-0.04871936746562466,0.10930440138570456,20.0,30.3047482453652,0.01550516694886934,0.004200000000000001,-0.052919367465624666,0.015961575307140208
2023-09-29,4288.0498046875,17.520000457763672,-0.002709582086142026,-0.05023850224096715,0.106579826221102,0.340489299335216,0.9348812867814902,0.8740030203742147,0.7638812796232501,0.583514609358854,0.06764857759446125,-0.0027,-0.0004,0.0032,0.0002,2023-09,20,-0.04871936746562466,0.10930440138570456,-0.02197968873798295,0.14102376737754152,22.0,29.799681861350244,0.01572049050669631,0.004200000000000001,-0.026179688737982952,0.06862017835653471
2023-10-31,4193.7998046875,18.139999389648438,0.006474957307233353,-0.02205730565914077,0.14445586768577376,0.4206749279095894,0.9473199083890452,0.897415008830229,0.80535369807376,0.648594579001081,0.11478009303861259,0.0063,0.0005,-0.0006,0.0002,2023-10,22,-0.02197968873798295,0.14102376737754152,0.08917926878196969,0.11159825193130819,21.0,28.769054954983982,0.016312199968548585,0.004200000000000001,0.0849792687819697,0.03694412621071061
2023-11-30,4567.7998046875,12.920000076293945,0.0037840728581564065,0.08917926878197013,0.11159825193131094,6.952908781239352e-09,0.3091259102777634,0.09555882840505583,0.009131489686146906,8.338410388820732e-05,4.03103277460072e-21,0.0034999999999999996,-0.0046,0.0001,0.0002,2023-11,21,0.08917926878196969,0.11159825193130819,0.04422923115635968,0.09646665850852733,20.0,30.01322481738149,0.015688904266538645,0.004200000000000001,0.04002923115635968,0.017601748831628503
